1,95.22,1.14,0.36,2.69,18.00,0.37,19,37,264,3,0.33,0.052,0.173,0.2,12.9,0.035,0.024,0.51,0.288,0.08,28,0,56,0,0.072,0.029,0.151
2,89.22,1.89,0.28,7.88,44,0.65,18,29,146,1,0.25,0.057,0.285,0.2,9.7,0.074,0.097,0.614,0.074,0.056,33,0,32,0,0.064,0.011,0.145
3,95.24,1.5,0.17,2.41,32,0.3,10,39,225,9,0.18,0.029,0.153,0.4,15.8,0.044,0.044,0.5,0.08,0.177,53,0,48,0,0.036,0.02,0.061
4,90.17,0.76,0.18,8.22,30,0.34,10,30,235,58,0.2,0.017,0.155,0.7,3.6,0.066,0.044,0.645,0.232,0.153,14,0,852,0,0.03,0.006,0.089
5,89.25,2.38,0.41,7.18,40,0.67,21,67,293,41,0.45,0.061,0.194,1.6,64.9,0.063,0.123,0.553,0.616,0.2,108,0,77,0,0.079,0.04,0.17
6,91.21,2.97,0.26,3.75,136,3.57,87,56,466,70,0.76,0.174,0.935,1.5,9.8,0.095,0.236,0.49,0.145,0.242,146,0,524,0,0.043,0.006,0.109
7,92.57,1.27,0.06,5.51,48,0.17,15,33,196,8,0.2,0.017,0.205,0.6,37.5,0.061,0.038,0.248,0.174,0.112,30,0,4,0,0,0.019,0.023
8,92.65,1.88,0.08,4.13,58,2.26,86,33,549,179,0.33,0.163,0.334,0.9,18,0.034,0.086,0.36,0.163,0.085,9,0,306,0,0.012,0.016,0.028
9,65.4,0.99,0.29,32,460,3.55,39,9,59,13,0.25,0.112,0.142,0.2,0.3,0.012,0.099,0.162,0.041,0.087,3,0,6,0,0,0,0
10,91.49,2.11,0.18,4.11,209,2.26,55,72,641,21,0.88,0.158,0.861,0.9,41.1,0.02,0.134,0.559,0.062,0.177,57,0,139,0,0.05,0.041,0.08
11,85.47,0.26,0.36,13.64,5,0.19,3,8,88,1,0.04,0.035,0.118,0.3,0.2,0.016,0.012,0.095,0.046,0.044,1,0,2,0,0.058,0.014,0.104
12,77.08,4.49,0.1,16.14,7,1.21,49,197,881,18,0.22,0.135,0.285,0.6,0.3,0.144,0.06,1.16,0.449,0.206,9,0,0,0,0,0,0
13,84.08,2.89,0.34,11.95,21,0.61,42,73,286,60,0.4,0.127,0.225,0.2,7.4,0.05,0.089,1.11,0.24,0.081,89,0,1,0,0.079,0.011,0.145
14,92.63,2.4,0.22,4.11,23,0.91,14,54,224,14,0.6,0.165,0.154,6.1,7.7,0.162,0.139,1.084,0.225,0.079,149,0,50,0,0.048,0,0.105
15,88.69,3.6,0.2,6.68,42,1.02,94,77,602,13,0.3,0.201,0.536,0.9,55.6,0.147,0.282,0.995,0.06,0.76,88,0,121,0,0.032,0.005,0.083
16,93.95,0.84,0.18,4.32,9,0.38,16,36,319,6,0.77,0.033,0.086,0.2,33,0.051,0.053,0.28,0.193,0.041,51,0,6,0,0.014,0.033,0.078
17,95.92,1.53,0.22,1.92,12,0.24,3,20,533,4,0.47,0.082,0.113,0.4,0,0.02,0.05,0.3,0.066,0.098,2,0,0,0,0.051,0.005,0.098
18,68.8,2.26,0.44,28.22,11,1.33,22,54,93,3,0.82,0.105,0.259,8.6,0,0.083,0.062,2.063,0.135,0.115,16,0,0,0,0.093,0.057,0.214
19,66.29,7.52,0.1,24.77,28,2,52,168,532,8,1.77,0.298,0.573,1.2,0,0.115,0.064,0.717,0.43,0.096,121,0,0,0,0.036,0.009,0.021
20,65.74,8.18,0.35,24.35,55,2.85,49,152,433,3,0.76,0.269,0.327,1.2,0,0.225,0.056,0.527,0.26,0.077,86,0,0,0,0.089,0.03,0.149
21,65.74,8.86,0.54,23.71,27,2.1,70,140,355,1,1.12,0.209,0.444,1.2,0,0.244,0.059,0.505,0.242,0.069,149,0,0,0,0.139,0.047,0.231
22,64.65,9.34,0.46,24.46,50,2.09,50,135,387,1,1.14,0.231,0.37,1.3,0,0.21,0.069,0.515,0.24,0.081,207,0,0,0,0.119,0.04,0.199
23,66.57,7.05,0.76,24.02,63,1.08,56,102,370,6,0.64,0.115,0.382,1.2,1.2,0.13,0.062,0.546,0.222,0.105,75,0,0,0,0.083,0.052,0.453
24,69,8.33,0.45,21.09,68,2.13,50,165,391,2,0.88,0.247,0.518,4.1,1.3,0.158,0.059,0.681,0.266,0.117,102,0,0,0,0.14,0.021,0.187
25,66.94,8.67,0.5,22.8,35,2.22,42,138,405,1,1,0.216,0.43,1.1,1.2,0.16,0.058,0.578,0.22,0.12,130,0,0,0,0.073,0.039,0.278
26,66.93,9.13,0.09,22.41,66,2.98,48,137,419,4,0.86,0.289,0.318,1.2,1.2,0.129,0.062,0.54,0.219,0.104,74,0,0,0,0.014,0.007,0.052
27,89.3,4.83,0.58,4.72,19,0.89,23,38,194,7,0.44,0.174,0.199,0.6,35.6,0.362,0.273,3.024,0.381,0.093,47,0,0,0,0.083,0.045,0.318
28,66.94,8.67,0.5,22.8,28,2.94,45,142,403,2,1.07,0.242,0.477,1.2,1.2,0.16,0.058,0.578,0.22,0.12,130,0,0,0,0.072,0.039,0.275
29,66.99,9.49,0.17,21.85,44,2.77,42,142,378,5,0.9,0.262,0.255,1.2,1.2,0.095,0.067,0.552,0.219,0.104,74,0,0,0,0.024,0.013,0.093
30,63.81,8.23,0.62,26.05,69,2.36,53,144,389,0,1.03,0.21,0.527,2.9,0.9,0.237,0.066,0.649,0.266,0.138,140,0,0,0,0.098,0.142,0.49
31,76.02,7.07,0.81,15.01,16,2.11,111,103,317,14,0.97,0.389,0.446,0.6,17.3,0.381,0.235,1.263,0.854,0.198,106,0,0,0,0.098,0.06,0.468
32,61.2,9.06,0.49,27.91,52,2.3,65,165,508,2,0.96,0.271,0.548,1.4,0,0.257,0.063,0.57,0.299,0.175,168,0,0,0,0.126,0.042,0.21
33,62.95,9.01,0.65,26.22,46,2.09,50,147,436,1,0.98,0.219,0.453,6.2,0.8,0.193,0.062,0.318,0.21,0.229,172,0,0,0,0.136,0.133,0.235
34,93.39,1.86,0.32,4.1,15,0.66,18,30,98,51,0.17,0.107,0.123,0.6,6.1,0.067,0.059,0.725,0.235,0.054,29,0,0,0,0.039,0.024,0.185
35,63.24,8.97,0.64,25.81,73,2.84,68,169,463,2,1.09,0.149,0.51,1.3,0,0.236,0.059,0.272,0.251,0.127,137,0,0,0,0.166,0.056,0.276
36,89.22,1.89,0.28,7.88,46,1.28,25,39,299,3,0.36,0.103,0.294,0.4,9.7,0.074,0.097,0.614,0.074,0.056,33,0,4,0,0.064,0.011,0.145
37,63.08,9.73,0.35,25.09,90,3.7,63,113,561,6,1.38,0.287,0.636,1.3,0,0.118,0.046,0.14,0.229,0.093,81,0,0,0,0.091,0.031,0.152
38,62.98,9.16,1.08,25.28,62,2.48,74,183,325,5,1.06,0.186,0.455,1.3,1.8,0.187,0.103,0.708,0.229,0.129,81,0,0,0,0.279,0.094,0.466
39,89.13,2.57,0.2,5.46,114,1.9,68,41,909,241,0.5,0.251,0.514,0.9,24.9,0.117,0.289,0.499,0.329,0.132,14,0,383,0,0.031,0.038,0.07
40,87.06,1.68,0.18,9.96,16,0.79,23,38,305,77,0.35,0.074,0.326,0.7,3.6,0.027,0.04,0.331,0.145,0.067,80,0,2,0,0.028,0.035,0.064
41,91.88,2.09,0.81,3.55,102,3.64,57,55,491,88,0.22,0.143,0.385,0.9,32.5,0.059,0.165,0.94,0.045,0.088,10,0,219,0,0.197,0.245,0.127
42,71.54,7.6,0.4,19.65,36,1.5,43,125,268,5,1.01,0.259,0.421,2.6,0.3,0.097,0.089,0.711,0.157,0.072,104,0,1,0,0.066,0.079,0.164
43,83.7,4.8,0.5,10.1,18,1.5,31,73,193,41,0.47,0.06,0.261,1,19.8,0.128,0.09,1.2,0.066,0.029,58,0,14,0,0.142,0.02,0.303
44,91.41,3.83,0.52,3.12,118,1.27,27,82,343,56,0.54,0.075,0.38,1.3,37,0.169,0.14,2.015,0.448,0.22,71,0,227,0,0.089,0.046,0.232
45,93.54,1.14,0.72,3.81,100,0.56,18,41,261,7,0.39,0.061,0.264,1.3,28.2,0.095,0.146,0.437,0.159,0.07,99,0,82,0,0.11,0.05,0.33
46,88.9,2.55,0.5,7.1,36,1.2,20,56,317,21,0.33,0.083,0.227,1.5,62,0.107,0.08,0.607,0.252,0.178,60,0,39,0,0.102,0.038,0.255
47,75.64,2.09,0.14,21.15,49,0.77,39,93,360,4,0.38,0.089,0.27,0.9,2.6,0.039,0.058,0.32,0.353,0.279,20,0,0,0,0.023,0.035,0.055
48,96.7,0.23,0.02,2.16,59,0.1,8,7,354,4,0.09,0.059,0.156,0.9,18.9,0.01,0.01,0.1,0.018,0.052,4,0,1,0,0,0,0
49,95.55,1.56,0.16,1.78,93,1.04,11,29,371,34,0.17,0.019,0.144,0.4,26,0.032,0.063,0.428,0.079,0.166,41,0,212,0,0.021,0.012,0.077
50,90.84,1.51,0.09,6.94,42,0.66,17,33,262,28,0.25,0.054,0.223,2.3,34.4,0.071,0.06,0.382,0.154,0.225,24,0,2,0,0.011,0.007,0.043
51,92,1.8,0.09,5.41,30,0.38,24,33,184,24,0.23,0.052,0.152,0.7,17,0.051,0.02,0.024,0.159,0.152,46,0,44,0,0.012,0.007,0.043
52,93.46,0.76,0.11,5.33,72,0.73,43,23,392,176,0.18,0,0.133,1,1.7,0.018,0.031,0.294,0.097,0.042,22,0,6,0,0.012,0.02,0.044
53,93,1.84,0.45,4.11,16,0.32,9,32,142,15,0.17,0.018,0.132,0.6,44.3,0.042,0.052,0.41,0.508,0.173,44,0,1,0,0.07,0.032,0.217
54,89.47,3.04,0.31,6.28,32,0.72,19,57,278,23,0.63,0.04,0.242,0.8,72.6,0.07,0.1,0.681,0.681,0.206,41,0,7,0,0.043,0.03,0.137
55,92.3,0.96,0.19,5.9,26,0.43,12,66,173,61,0.2,0.043,0.096,0.4,3.6,0.027,0.037,0.427,0.203,0.101,3,0,0,0,0,0,0
56,94.11,0.83,0.16,4,42,0.42,12,25,284,91,0.14,0.036,0.106,1,6.1,0.023,0.07,0.372,0.317,0.086,33,0,26,0,0.04,0.03,0.075
57,93.43,0.62,0.48,5.09,13,0.22,12,29,173,1,0.31,0.11,0.169,0.3,8,0.026,0.04,0.42,0.408,0.118,18,0,0,0,0,0,0
58,60.21,8.86,2.59,27.42,49,2.89,48,168,291,7,1.53,0.352,1.03,3.7,1.3,0.116,0.063,0.526,0.286,0.139,172,0,1,0,0.269,0.583,1.156
59,90.18,2.71,0.72,5.65,141,1.13,21,32,117,15,0.23,0.051,0.51,0.5,18.2,0.04,0.106,0.575,0.218,0.128,16,0,380,0,0.047,0.026,0.173
60,72.84,3.34,1.41,21.71,2,0.55,31,92,252,3,0.54,0.057,0.214,0.8,6.2,0.09,0.053,1.666,0.749,0.127,20,0,0,0,0.197,0.374,0.603
61,73.41,3.41,1.5,20.98,3,0.45,26,77,218,1,0.62,0.049,0.167,0.2,5.5,0.093,0.057,1.683,0.792,0.139,23,0,13,0,0.197,0.374,0.603
62,75.48,3.17,0.38,20.32,128,1.12,52,51,418,4,1.03,0.133,0.572,2.5,2.2,0.101,0.148,1.403,0.154,0.065,127,0,40,0,0.096,0.034,0.161
63,69.7,8.13,0.71,20.32,26,3.05,96,142,375,19,1.87,0.271,0.473,2.5,0.4,0.162,0.046,0.714,0.386,0.092,142,0,1,0,0.185,0.059,0.303
64,70.04,7.73,0.53,20.76,24,2.51,53,156,278,4,1.29,0.268,0.475,2.5,0.4,0.202,0.055,0.495,0.411,0.1,208,0,1,0,0.138,0.044,0.225
65,91.3,4.67,0.1,2.8,69,1.09,62,42,351,6,0.24,0.154,0.412,0.9,18.4,0.256,0.142,1.008,0.046,0.135,60,0,29,0,0.026,0.009,0.042
66,89.5,2.6,0.3,7,55,0.7,41,49,196,3,0.24,0.071,0.219,0.7,17,0.09,0.09,0.8,0.638,0.123,26,0,70,0,0.079,0.027,0.127
67,92.5,1.9,0.6,3.8,61,0.8,26,48,353,8,0.15,0.114,0.372,0.9,23,0.06,0.16,0.8,0.163,0.157,37,0,232,0,0.02,0.205,0.196
68,89.8,2,0.6,6.4,140,1.8,24,42,232,44,0.28,0.115,0.23,0.3,18,0.13,0.175,0.514,0.057,0.16,13,0,342,0,0.146,0.012,0.262
69,93.6,1.83,0.64,2.93,38,2.08,89,52,321,3,0.17,0.114,0.303,0.9,26.3,0.034,0.086,0.411,0.036,0.1,8,0,174,0,0,0,0
70,81.65,5.27,0.93,11.15,151,2.32,34,67,344,9,0.49,0.086,0.868,0.9,31,0.222,0.509,1.995,0.102,0.929,23,0,351,0,0.152,0.473,0.015
71,88.42,2.09,0.19,8.18,20,0.45,42,49,457,43,0.42,0.078,0.241,0.7,97,0.046,0.068,0.59,0.701,0.112,30,0,4,0,0.031,0.097,0.003
72,84.29,0.66,0.34,14.34,9,0.36,20,31,453,21,0.17,0.085,0.223,0.2,5.7,0.046,0.042,0.26,0.501,0.099,12,0,0,0,0.027,0.063,0.148
73,95.32,0.6,0.02,3.69,24,0.25,11,13,170,2,0.7,0.026,0.066,0.2,8.5,0.029,0.022,0.39,0.144,0.038,4,0,0,0,0.002,0.004,0.009
74,89.56,0.32,0.14,9.48,7,0.18,7,11,225,4,0.17,0.077,0.108,0.5,146.4,0.026,0.013,0.42,0,0.09,5,0,14,0,0.04,0.013,0.059
75,69.13,8.14,0.58,20.69,40,4.58,82,120,337,7,2.85,0.341,0.482,2.8,0,0.27,0.037,0.411,0.316,0.037,4,0,0,0,0.099,0.026,0.245
76,86.9,2.95,0.27,9.2,41,0.76,42,49,262,2,0.38,0.048,0.21,1.6,5.1,0.056,0.088,0.48,0.053,0.023,47,0,7,0,0.119,0.129,0.01
77,87.15,3.68,0.2,7.29,211,3.14,62,72,550,11,0.79,0.255,0.123,0.9,33,0.091,0.192,0.89,0.072,0.57,104,0,259,0,0.03,0.014,0.096
78,89.82,2.94,1.21,5.3,150,0.84,25,42,144,16,0.27,0.067,0.542,0.9,17.8,0.063,0.14,0.457,0.17,0.063,65,0,146,0,0.175,0.102,0.66
79,90.3,1.8,0.11,6.69,25,0.4,19,45,340,21,0.31,0.132,0.142,0.8,54,0.04,0.02,0.39,0.16,0.154,12,0,2,0,0.014,0.008,0.053
80,90.8,0.81,0.2,7.62,30,1.1,14,17,87,10,0.06,0.062,0.247,0.5,4.2,0.026,0.02,0.2,0.072,0.113,24,0,41,0,0.027,0.003,0.111
81,69.64,9.02,0.38,20.13,19,3.33,36,180,369,2,1.27,0.251,0.494,2.8,1.5,0.169,0.073,1.06,0.638,0.178,181,0,0,0,0.053,0.064,0.175
82,68.7,8.8,0.45,21.25,14,3.1,35,153,284,10,1.6,0.337,0.502,0.6,12.6,0.22,0.09,1.2,0.571,0.164,67,0,2,0,0.053,0.095,0.201
83,67.17,6.81,0.32,23.64,32,2.45,74,130,570,17,0.79,0.305,1.252,2,10.1,0.14,0.096,1.04,0.257,0.193,26,0,15,0,0.073,0.019,0.154
84,69.79,7.8,0.38,20.88,17,2.39,43,111,508,2,0.95,0.235,0.516,4.5,0,0.161,0.055,0.421,0.422,0.161,83,0,0,0,0.089,0.034,0.171
85,67.15,8.04,0.38,23.31,29,2.4,53,127,401,3,1.03,0.215,0.585,4.9,0,0.161,0.055,0.66,0.472,0.078,150,0,0,0,0.088,0.034,0.169
86,81.42,1.58,0.07,16.02,26,0.9,22,78,363,45,0.33,0.217,0.22,0.6,27.4,0.127,0.01,0.3,0.302,0.218,8,0,0,0,0.021,0.014,0.014
87,71.08,15.57,2.92,9.88,51,1.2,54,128,245,4,1.38,0.231,0.676,2.6,1.1,0.134,0.053,0.495,0.188,0.009,59,0,0,0,0.346,1.18,0.73
88,71.41,3.51,1,23.67,3,0.63,44,100,62,2,0.91,0.161,0.272,0.9,0,0.106,0.082,1.33,0.171,0.108,19,0,0,0,0.172,0.184,0.508
89,69.23,7.81,0.55,20.96,3,3.14,104,150,304,10,0.59,0.164,0.527,2.8,1,0.124,0.023,0.668,0.391,0.093,143,0,1,0,0.124,0.044,0.256
90,77.14,1.73,0.08,20,8,0.43,10,40,495,12,0.32,0.129,0.283,0.9,0,0.086,0.014,0.13,0.48,0.209,12,0,0,0,0.018,0.003,0.036
91,72.66,7.02,0.38,19.15,27,1.4,48,99,266,2,0.84,0.156,0.298,2.5,1,0.164,0.061,0.577,0.41,0.067,159,0,1,0,0.116,0.054,0.128
92,93.39,2.03,0.09,4.19,12,0.65,14,28,101,10,0.47,0.122,0.14,0.6,11.4,0.05,0.102,0.817,0.243,0.054,29,0,1,0,0.025,0.012,0.032
93,72.51,7.54,0.55,18.34,53,1.75,63,156,231,7,0.83,0.139,0.412,2.5,1,0.15,0.075,1.5,0.433,0.058,94,0,2,0,0.038,0.029,0.359
94,83.48,1.56,0.22,14.39,3,0.44,14,29,117,4,1.33,0.896,0.204,24.8,0.3,0.037,0.17,1.5,3.594,0.159,21,0,0,0,0.05,0.07,0.034
95,91.08,2.17,0.47,5.29,6,1.74,12,87,356,2,0.87,0.504,0.115,11.9,4,0.073,0.3,4.46,2.16,0.095,18,0,0,0,0.061,0.008,0.183
96,91.78,2.56,0.47,4.51,118,0.87,13,42,162,9,0.22,0.146,0,0.6,25.3,0.041,0.063,0.433,0.12,0.098,9,0,618,0,0.012,0.11,0.046
97,94.5,1.7,0.2,2.8,158,0.8,7,18,285,14,0.11,0.05,0.27,0.6,65,0.041,0.062,0.43,0.119,0.097,73,0,410,0,0,0,0
98,94.8,1.3,0.17,2.13,48,0.66,32,22,102,107,0.31,0.077,0.526,0.9,16,0.03,0.107,0.39,0.256,0.237,8,0,0,0,0.027,0.005,0.071
99,73.01,5.06,0.1,21.44,4,0.48,9,25,35,60,0.12,0.008,0.374,0,0,0.094,0.026,0.51,0.235,0.04,7,0,0,0,0.019,0.026,0.031
100,67.91,4,0.18,27.54,8,0.52,2,27,29,161,0.22,0.025,0.251,0,0,0.02,0.033,0.097,0.172,0.013,2,0,0,0,0.025,0.021,0.073
101,94.31,1.35,0.05,3.28,164,0.5,47,16,195,20,0.21,0.049,0.408,0.7,5.3,0.011,0.04,0.296,0.15,0.067,3,0,22,0,0.006,0.007,0.021
102,61.57,2.88,0.76,33.64,12,0.97,58,66,306,2,0.6,0.249,1.097,0,24.7,0.11,0.123,0.548,0.381,0.281,46,0,7,0,0.112,0.399,0.197
103,68.15,2,1.38,27.76,46,1.73,54,99,715,27,0.25,0.472,0.854,0,26.7,0.148,0.104,0.731,0.316,0.233,38,0,1,0,0.26,0.476,0.545
104,86.03,0.82,0.19,12.64,11,0.53,18,26,119,5,0.4,0.204,0.576,0,9.5,0.125,0.059,0.543,0.075,0.102,17,0,1,0,0.028,0.101,0.05
105,84,3.21,0.86,11.44,10,0.88,40,119,92,1,0.53,0.066,0.964,7.7,0,0.16,0.034,0.144,0.217,0.025,6,0,0,0,0.163,0.291,0.339
106,92.57,1.87,0.21,4.51,77,0.28,36,32,135,6,0.43,0.085,0.294,0.4,16.3,0.132,0.055,0.871,0.213,0.187,46,0,14,0,0.045,0.028,0.046
107,87.86,1.36,0.19,10.15,22,0.24,11,35,166,3,0.21,0.067,0.153,0.6,5.2,0.042,0.023,0.165,0.113,0.129,15,0,0,0,0.031,0.027,0.073
108,80.24,1.32,0.3,17.01,37,0.58,29,69,367,10,0.26,0.138,0.294,1.7,13,0.083,0.051,0.724,0.588,0.093,58,0,0,0,0.05,0.112,0.047
109,62.13,5.8,0.93,30.86,7,1.28,18,58,44,1,0.51,0.1,0.322,26.4,0,0.274,0.136,1.689,0.112,0.049,73,0,0,0,0.176,0.131,0.326
110,62.13,5.8,0.93,30.86,7,0.5,18,58,44,1,0.51,0.1,0.322,26.4,0,0.02,0.02,0.4,0.112,0.049,7,0,0,0,0.176,0.131,0.326
111,68.56,5.15,1.05,24.93,6,1.14,18,63,24,6,0.56,0.093,0.224,0,0,0.209,0.15,0.992,0.183,0.034,64,0.14,6,33,0.15,0.124,0.429
112,68.58,5.06,0.94,25.04,18,1.11,24,57,37,6,0.63,0.08,0.316,0,0,0.178,0.134,1.011,0.232,0.113,64,0.14,10,33,0.217,0.296,0.21
113,68.31,2.63,0.73,27.91,1,0.25,36,76,31,0,0.63,0.064,0.153,2.8,0,0.053,0.023,0.556,0.128,0.058,6,0,3,0,0.102,0.191,0.325
114,60.72,5.82,1.5,31.51,12,1.65,45,110,77,6,1.12,0.199,1.032,34.2,0,0.157,0.103,2.887,0.23,0.097,20,0,0,0,0.239,0.171,0.584
115,88.91,3.27,0.23,7.05,42,1.97,26,55,240,4,0.37,0.077,0.168,0.7,47.9,0.128,0.076,0.539,0.673,0.144,29,0,52,0,0.044,0.023,0.1
116,77.87,5.36,0.22,15.63,27,1.54,39,117,271,3,1.19,0.173,0.525,1.9,14.2,0.259,0.149,2.021,0.153,0.216,63,0,40,0,0.039,0.019,0.102
117,74.37,7.05,0.51,17.08,26,1.67,41,24,268,3,0.78,0.02,0.325,0.6,6.6,0.216,0.285,1.072,0.683,0.128,36,0,5,0,0.09,0.045,0.24
118,69.49,8.34,0.39,21.1,14,1.29,36,99,362,2,1,0.181,0.396,0.6,0.4,0.19,0.056,0.89,0.595,0.048,65,0,0,0,0.054,0.081,0.165
119,91.87,0.92,0.2,6.7,9,0.46,10,18,166,2,0.12,0.065,0.115,0.3,74.4,0.059,0.03,0.477,0.079,0.233,16,0,23,0,0.029,0.013,0.106
120,91.87,0.92,0.2,6.7,9,0.46,10,18,166,2,0.12,0.065,0.115,0.3,171,0.059,0.03,0.477,0.079,0.233,16,0,147,0,0.029,0.013,0.106
121,68.55,6.76,0.38,23.25,43,1.11,46,119,384,5,0.9,0.269,0.501,2.9,0,0.146,0.059,0.781,0.319,0.05,111,0,0,0,0.083,0.003,0.205
122,71.8,5.96,1.36,19.49,41,1.57,40,118,456,5,0.82,0.105,0.451,1.2,28.1,0.35,0.166,2.153,0.63,0.053,100,0,2,0,0.365,0.013,0.899
123,69.08,1.09,0.08,29.15,3,0.3,28,24,289,2,0.14,0.08,0.109,0,9.1,0.05,0.065,0.39,0.38,0.22,48,0,0,0,0.072,0.013,0.078
124,92.9,2.3,0.4,3.1,53,1.2,14,33,184,18,0.19,0.126,0.336,0.9,82,0.07,0.25,1.1,0.039,0.111,9,0,435,0,0.092,0.013,0.176
125,76.98,1.87,0.1,20.13,5,0.31,22,44,379,4,0.3,0.188,0.138,0.3,13,0.106,0.02,1.439,0.52,0.299,10,0,0,0,0.026,0.002,0.043
126,77.8,2.86,0.1,17.21,45,6.07,30,54,407,14,0.44,0.878,1.338,0.3,5.2,0.032,0.036,1.222,0.361,0.239,10,0,0,0,0.026,0.002,0.043
127,67.68,1.64,0.32,29.99,103,0.95,49,20,108,4,0.28,0.038,0.209,0,2,0.126,0.039,0.708,0,0.379,0,0,0,0,0,0,0
128,95.2,1.09,0.08,3.3,37,0.88,25,34,106,6,0.1,0.1,0,0.7,5,0.018,0.032,0.31,0,0.05,41,0,87,0,0.041,0.01,0.004
129,92.51,2.72,0.22,3.39,43,3.2,38,79,438,8,0.2,0.133,0.355,0.9,1,0.068,0.136,0.85,0.042,0.196,25,0,80,0,0.114,0.029,0.012
130,93.69,0.72,0.07,4.9,15,0.57,9,30,230,1,0.23,0.091,0.089,0.2,4.7,0.031,0.078,0.413,0.201,0.044,9,0,288,0,0.037,0.009,0.004
131,93.52,1.49,0.19,3.55,78,0.77,67,37,488,44,0.17,0.114,0.307,0.9,10.5,0.031,0.09,0.46,0.036,0.07,9,0,93,0,0,0,0
132,71.61,4.4,1.92,21.3,17,1.49,64,152,172,7,1.09,0.192,0.631,2.8,0,0.107,0.11,0.412,0,0.123,42,0,0,0,0.231,0.528,1.078
133,95.04,0.67,0.24,3.43,17,0.15,9,24,285,13,0.13,0.101,0.033,0.7,15.1,0,0.023,0.15,0.114,0.038,17,0,0,0,0.073,0.04,0.108
134,73.82,1.79,0.2,24.01,4,0.14,3,20,4,19,0.25,0.038,0.114,4.5,0,0.018,0.004,0.072,0.011,0.006,1,0,0,0,0.023,0.026,0.023
135,70.27,2.74,0.97,25.58,3,0.56,39,103,86,4,0.71,0.106,0.974,5.8,0,0.178,0.069,2.561,0.38,0.123,9,0,0,0,0.26,0.369,0.366
136,72.96,2.32,0.83,23.51,10,0.53,44,77,79,1,0.62,0.081,1.097,0,0,0.102,0.012,1.33,0.392,0.149,4,0,0,0,0.165,0.3,0.296
137,64.38,3.09,0.85,31.33,3,0.53,39,96,61,4,0.77,0.129,1.14,9.4,0,0.097,0.07,1.903,0.275,0.11,4,0,0,0,0.213,0.3,0.269
138,91.54,0.93,0.18,6.84,18,0.18,10,41,216,5,0.12,0.029,0.097,0.7,18.8,0.082,0.041,0.715,0.155,0.102,15,0,0,0,0.029,0.027,0.095
139,81,2.73,0.17,15.36,47,0.55,18,56,283,16,0.3,0.07,0.21,0.6,4.6,0.056,0.173,0.392,0.276,0.218,15,0,0,0,0.041,0.003,0.074
140,59.3,5.3,2.3,32,61,0.6,50,124,875,23,0.83,1.069,0.132,0,6.1,0.29,0.17,5.3,0.816,0.298,49,0,12,0,0.621,0.293,1.225
141,93.3,1.14,0.05,5.23,22,0.56,12,21,107,11,0,0,0,0.7,37,0.048,0.043,0.25,0,0,57,0,0,0,0,0,0
142,68.6,12.35,6.4,11.05,145,2.5,60,158,539,14,0.91,0.117,0.502,1.4,17,0.26,0.155,1.25,0.128,0.06,111,0,8,0,0.74,1.209,3.011
143,62.55,18.21,8.97,8.36,102,5.14,86,245,515,1,1.15,0.407,0.824,7.3,1.7,0.155,0.285,0.399,0.179,0.234,54,0,0,0,1.297,1.981,5.064
144,79.45,8.47,4.45,6.53,59,1.31,60,135,355,10,1.04,0.33,0.71,0.6,8.3,0.205,0.053,1.092,0.743,0.105,80,0,2,0,0.617,1.009,2.513
145,59.73,8.86,0.21,30.88,10,0.72,30,50,42,5,0.5,0.084,0.417,25.2,0,0.298,0.161,1.837,0.286,0.064,82,0,0,0,0.032,0.026,0.095
146,68.14,4.58,0.63,26.15,30,1.04,62,108,58,14,1.08,0.205,1.504,22.1,0,0.097,0.103,1.53,0.183,0.096,12,0,8,0,0.091,0.072,0.257
147,66.56,5.5,0.85,26.44,10,1.67,49,150,143,5,1.25,0.215,1.091,4,0,0.103,0.03,2.57,0,0.08,13,0,0,0,0,0,0
148,96.21,0.31,0.15,3.22,0,0,0,0,0,0,0,0,0,0,0,0.01,0.015,0.102,0.06,0.033,7,0,0,0,0,0,0
149,93.7,0.91,0.31,4.31,27,0.36,24,39,192,1,0.39,0.103,0.213,0.2,5.5,0.044,0.041,0.513,0.137,0.065,20,0,11,0,0.064,0.023,0.131
150,94.25,1.04,0.39,3.79,22,0.37,16,29,177,1,0.22,0.065,0.157,0.2,11.6,0.043,0.025,0.507,0.323,0.078,23,0,56,0,0.064,0.023,0.131
151,95,1.03,0.17,3.3,15,0.33,19,28,140,1,0.24,0.083,0.128,0.2,10.8,0.051,0.025,0.464,0.079,0.085,21,0,4,0,0.035,0.013,0.072
152,82.9,1.12,0.14,14.58,44,0.93,43,45,437,4,0.17,0.086,0.242,0.7,10.8,0.167,0.013,0.881,0.504,0.194,19,0,21,0,0.029,0.01,0.059
153,89.21,0.89,0.35,8.85,22,0.44,13,19,241,1,0.22,0.082,0.187,0.4,9.6,0.016,0.067,0.495,0.234,0.161,20,0,261,0,0.072,0.026,0.147
154,87.8,0.9,0.09,10.49,41,0.6,29,27,284,4,0.13,0.065,0.172,0.5,15.1,0.072,0.017,0.969,0.359,0.124,19,0,558,0,0.019,0.007,0.038
155,91.1,1.48,0.37,6.46,10,0.28,13,14,214,5,0.1,0.047,0.126,0.3,6.5,0.042,0.028,0.334,0.297,0.103,10,0,200,0,0.076,0.028,0.156
156,92.3,0.66,0.26,6.46,21,0.34,11,14,117,18,0.2,0.035,0.109,0.3,3.5,0.038,0.022,0.81,0.355,0.099,8,0,6,0,0.062,0.022,0.126
157,68.37,5.07,0.8,24.38,17,1.52,53,117,410,17,0.63,0.179,0.769,0.6,8.2,0.168,0.096,1.327,0.567,0.116,33,0,15,0,0.148,0.155,0.381
158,89.2,2.18,0.34,7.38,33,0.63,48,40,312,7,0.26,0.033,0.229,0.9,1.5,0.112,0.267,1.003,0.2,0.16,49,0,147,0,0.065,0.012,0.134
159,75.78,2.01,0.15,20.71,38,0.69,27,54,475,36,0.32,0.161,0.497,0.2,19.6,0.107,0.106,1.487,0.884,0.286,6,0,961,0,0.052,0.002,0.092
160,92.15,2.72,0.41,4.02,86,1.18,20,27,460,2,0.21,0.14,0.371,0.9,35.5,0.139,0.38,1.267,0.044,0.072,48,0,212,0,0.083,0.033,0.168
161,95.3,0.73,0.08,3.2,14,0.41,8,26,344,2,0.54,0.094,0.13,1,18.9,0.038,0.053,0.81,0.076,0.112,3,0,3,0,0.016,0.006,0.033
162,63.8,0.52,0.11,34.6,18,0.72,30,76,484,15,0.27,0.201,0.449,0.9,5,0.107,0.028,0.51,0.336,0.331,19,0,4,0,0.023,0.009,0.046
163,86.46,4.16,0.68,6.85,149,1.56,51,67,623,54,0.1,0.076,0.168,0.8,38,0.044,0.198,0.48,0.126,0.117,7,0,88,0,0.139,0.055,0.282
164,74.93,3.87,0.65,19.86,49,2.05,50,120,107,8,1.11,0.226,2.86,0,0,0.183,0.033,0.909,0,0.097,18,0,0,0,0,0,0
165,59.56,19.91,11.38,7.62,96,2.13,77,253,401,14,1.57,0.54,1.285,0,0,0.054,0.357,2.135,0.453,0.199,21,0.14,0,0,3.4,3.745,2.638
166,94.34,0.95,0.11,4.01,11,0.68,9,28,218,11,0.14,0.075,0.105,0.5,22.8,0.036,0.022,0.532,0.129,0.079,13,0,24,0,0.015,0.016,0.044
167,93.2,1.14,0.23,4.36,137,0.8,22,29,203,29,0.14,0.253,0.337,0.9,27.4,0.045,0.072,0.411,0.274,0.18,118,0,381,0,0.053,0.015,0.091
168,93.6,0.71,0.08,5.06,33,0.18,9,26,177,16,0.12,0.002,0.071,0.2,11.6,0.027,0.023,0.299,0.142,0.067,9,0,0,0,0.008,0.005,0.042
169,92.93,2.08,0.24,3.7,54,1.32,30,42,284,122,0.16,0.021,0.143,0.9,16,0.05,0.08,0.5,0.126,0.081,35,0,260,0,0.039,0.007,0.1
170,96.06,0.4,0.2,3.04,18,0.38,10,17,5,107,0.59,0.022,0.056,0.2,10.5,0.034,0.001,0.384,0.121,0.032,4,0,0,0,0.016,0.037,0.088
171,65.18,5.71,0.83,27.6,9,1.76,48,147,164,8,1.84,0.207,1.03,31.9,0,0.095,0.03,2.305,0,0.07,11,0,0,0,0.077,0.084,0.243
172,73.93,3.99,0.34,21.34,3,0.6,32,82,101,3,1.34,0.121,0.282,0.8,0,0.052,0.087,1.287,0.154,0.135,26,0,0,0,0.049,0.05,0.213
173,90.11,5.31,0.66,3.21,61,1.09,30,25,274,4,0.28,0.037,0.158,1.1,9.8,0.086,0.072,0.652,0.041,0.082,35,0,4,0,0.181,0.189,0.142
174,67.19,10.62,5.84,14.94,142,4.33,54,153,280,13,1.44,0.773,1.199,2.9,0,0.295,0.129,0.83,0.156,0.047,10,0,0,0,0.825,2.153,1.551
175,70.13,1.49,0.14,27.48,14,0.52,18,49,670,8,0.2,0.152,0.371,0.7,12.1,0.095,0.028,0.552,0.311,0.228,16,0,6,0,0.029,0.005,0.06
176,90.07,0.72,0.09,8.82,11,0.57,11,16,135,4,0.15,0.046,0.057,0.7,14.1,0.017,0.028,0.19,0.121,0.04,8,0,1,0,0,0,0
177,87.47,2.53,0.1,9.18,44,0.98,42,57,290,4,0.36,0.047,0.201,1.5,16.2,0.085,0.099,0.63,0.051,0.024,45,0,23,0,0.026,0.009,0.042
178,68.8,8.29,0.45,21.09,42,2.64,98,181,315,5,1.08,0.225,0.487,2.8,0.4,0.212,0.064,0.551,0.398,0.095,146,0,0,0,0.116,0.039,0.193
179,62.63,26.05,11.07,0,19,1.66,22,201,323,53,4.67,0.078,0.009,28,0,0.07,0.126,6.933,0.514,0.545,8,1.53,0,83,0,0,0
180,61.82,25.66,12.36,0,17,1.7,20,189,308,50,4.52,0.083,0.009,27.3,0,0.064,0.113,6.959,0.505,0.511,8,1.69,0,85,4.546,6.121,0.406
181,63.45,26.44,9.78,0,21,1.62,23,212,338,56,4.82,0.073,0.009,28.7,0,0.077,0.138,6.906,0.522,0.579,8,1.37,0,81,3.595,4.841,0.321
182,63.79,26.34,9.73,0,15,1.77,22,202,324,54,4.9,0.082,0.01,29.9,0,0.07,0.135,7.77,0.517,0.548,9,1.64,0,80,3.527,4.907,0.312
183,65.55,27.17,6.95,0,20,1.68,24,222,359,58,5,0.074,0.01,34.1,0,0.078,0.144,7.939,0.535,0.6,9,1.3,0,76,2.517,3.502,0.223
184,59.63,24.47,15.87,0,18,2.28,21,189,307,75,8.74,0.074,0.012,25.2,0,0.076,0.182,4.303,0.693,0.374,6,3.22,6,84,6.462,7.509,0.59
185,61.29,24.86,14.41,0,19,2.16,20,185,312,76,8.24,0.067,0.012,26.3,0,0.067,0.174,4.314,0.663,0.382,6,2.66,7,81,6.192,6.843,0.679
186,64.79,26.65,8.46,0,19,2.47,22,210,344,80,9.73,0.078,0.014,27.3,0,0.075,0.193,4.693,0.725,0.409,6,3.24,2,83,3.422,4.167,0.426
187,63.88,26.41,9.36,0,18,2.52,22,211,339,79,9.93,0.08,0.014,27,0,0.08,0.197,4.593,0.74,0.399,6,3.46,1,84,3.751,4.691,0.431
188,66.16,27.02,7.12,0,20,2.42,22,209,351,81,9.56,0.074,0.014,28.7,0,0.07,0.19,4.65,0.71,0.413,7,2.85,2,81,2.929,3.38,0.418
189,55.22,24.98,19.64,0,16,2.45,22,193,325,71,8.68,0.077,0.012,27.5,0,0.066,0.191,4.663,0.752,0.373,6,3.03,7,87,8.66,9.457,0.81
190,54.74,24.95,20.35,0,15,2.46,21,192,333,71,8.63,0.079,0.012,26.8,0,0.066,0.188,4.649,0.746,0.357,6,2.89,7,86,8.677,9.479,0.799
191,55.93,25.03,18.57,0,17,2.42,22,192,307,70,8.78,0.072,0.012,29.1,0,0.066,0.194,4.773,0.758,0.408,6,3.14,8,89,8.633,9.422,0.827
192,60.79,27.94,10.79,0,17,2.87,25,228,380,75,10.54,0.088,0.015,31,0,0.07,0.217,5.19,0.835,0.412,7,3.37,2,88,4.83,5.39,0.48
193,60.35,27.97,11.47,0,16,2.88,24,227,391,75,10.5,0.091,0.015,30.1,0,0.07,0.213,5.18,0.83,0.393,7,3.2,1,86,4.895,5.461,0.478
194,61.45,27.88,9.77,0,19,2.81,25,226,356,74,10.6,0.082,0.015,32.8,0,0.07,0.22,5.31,0.84,0.454,7,3.5,2,91,2.9,6.13,0.58
195,66.19,25.87,5.52,0,8,2.93,23,227,293,71,7.82,0.117,0,25.2,0,0.111,0.23,3.632,0.73,0.321,8,3.39,0,63,1.871,2.654,0.387
196,65.57,25.73,5.72,0,8,3.02,23,234,293,73,7.83,0.121,0,25.2,0,0.11,0.229,3.612,0,0.32,8,3.37,0,65,1.721,2.721,0.401
197,67.09,26.08,5.24,0,7,2.8,23,217,293,68,7.81,0.112,0,25.3,0,0.112,0.232,3.66,0.742,0.324,8,3.42,0,60,2.09,2.555,0.368
198,66.27,25.9,5.42,0,8,2.93,23,227,293,71,7.83,0.118,0,25.3,0,0.111,0.23,3.635,0,0.322,8,3.39,0,63,1.828,2.608,0.384
199,65.59,25.74,5.69,0,8,3.02,23,234,293,73,7.83,0.121,0,25.2,0,0.11,0.229,3.613,0,0.32,8,3.37,0,94,1.71,2.71,0.4
200,67.26,26.13,5.02,0,7,2.8,23,217,293,68,7.83,0.112,0,25.3,0,0.112,0.232,3.668,0,0.324,8,3.42,0,99,2,2.46,0.36
201,65.65,26.22,7.2,0,5,2.59,25,225,356,59,5.24,0.171,0.014,38.7,0,0.078,0.267,5.187,0.856,0.596,8,5.16,0,78,2.833,2.933,0.41
202,65.57,26.07,7.68,0,5,2.58,25,227,361,60,5.26,0.09,0.011,38.9,0,0.081,0.223,5.035,0.858,0.586,8,4.73,0,76,2.737,2.872,0.381
203,65.79,26.45,6.43,0.33,5,2.6,24,223,348,58,5.19,0.253,0.021,38.3,0,0.072,0.354,5.49,0.852,0.615,8,6.01,0,80,1.7,3.284,0.49
204,64.88,26.3,7.66,0.12,5,2.79,26,232,361,60,7.09,0.089,0.015,41.5,0,0.075,0.294,5.273,0.839,0.576,11,4.95,0,76,2.765,3.044,0.395
205,65.02,26.07,8.11,0,5,2.57,24,223,342,59,6.85,0.097,0.013,40.1,0,0.068,0.268,5.165,0.784,0.567,11,4.56,0,74,3.031,3.38,0.405
206,64.65,26.66,6.94,0,5,3.23,28,249,401,62,7.58,0.073,0.019,44.3,0,0.087,0.344,5.49,0.949,0.593,11,5.71,0,77,2.235,2.373,0.376
207,62.04,24.93,12.79,0,6,2.88,23,203,322,77,9.05,0.134,0.018,37.8,0,0.073,0.292,3.833,0.944,0.387,6,5.89,0,83,5.095,5.33,0.563
208,61.93,24.7,13.59,0,6,2.78,23,199,317,78,8.77,0.139,0.018,37,0,0.07,0.247,3.72,0.881,0.376,6,5.75,0,83,5.432,5.711,0.558
209,62.22,25.29,11.52,0,6,3.1,24,211,333,76,9.61,0.122,0.017,39.3,0,0.079,0.382,4.06,1.07,0.41,6,6.18,0,83,4.423,4.568,0.572
210,59.08,26.18,13.54,0.21,13,3.26,23,202,310,73,9.85,0.108,0.016,29.9,0,0.089,0.243,3.591,0.909,0.413,6,3.68,7,93,5.692,6.809,0.79
211,58.12,26.1,14.41,0.4,12,3.27,23,204,313,73,9.66,0.11,0.017,31.9,0,0.089,0.24,3.575,0.86,0.395,6,3.46,7,89,5.963,7.02,0.806
212,60.52,26.3,12.25,0,16,3.31,23,198,301,73,10.19,0.103,0.016,27.7,0,0.089,0.246,3.681,0.957,0.456,6,4.22,7,98,5.285,6.491,0.766
213,59.72,26.5,12.64,0.14,14,3.31,23,205,314,73,10.05,0.11,0.017,30.2,0,0.09,0.247,3.617,0.92,0.418,6,3.73,2,93,5.28,6.384,0.761
214,58.83,26.49,13.42,0.28,12,3.32,23,207,318,73,9.85,0.111,0.017,32.3,0,0.09,0.243,3.6,0.87,0.399,6,3.5,1,89,5.565,6.607,0.777
215,61.06,26.53,11.46,0,16,3.37,23,202,306,74,10.4,0.104,0.017,28,0,0.09,0.25,3.71,0.97,0.461,6,4.28,2,98,4.73,4.73,0.71
216,64.17,27.66,8.23,0,20,1.74,23,210,339,56,4.9,0.082,0.009,29.4,0,0.075,0.133,7.363,0.545,0.579,9,1.63,0,79,3.395,3.317,0.322
217,63.33,27.55,9.31,0,18,1.8,22,201,326,53,4.79,0.088,0.009,28.9,0,0.069,0.121,7.471,0.542,0.549,9,1.82,0,81,3.84,3.751,0.364
218,65.01,27.78,7.15,0,22,1.68,24,220,351,58,5.01,0.076,0.01,29.8,0,0.081,0.146,7.256,0.548,0.609,9,1.44,0,78,2.951,2.882,0.28
219,64.79,27.89,7.4,0,18,1.74,23,217,350,57,5.09,0.081,0.01,31.9,0,0.076,0.141,7.981,0.549,0.599,9,1.6,0,78,3.07,2.917,0.292
220,64.06,27.82,8.32,0,15,1.84,23,211,338,56,5.11,0.086,0.01,31.2,0,0.074,0.142,8.208,0.546,0.579,9,1.74,0,80,3.452,3.279,0.329
221,65.51,27.96,6.48,0,20,1.71,24,226,365,59,5.09,0.076,0.01,34.7,0,0.08,0.148,8.171,0.551,0.618,9,1.34,0,76,2.688,2.554,0.256
222,59.36,22.86,15.54,0,37,2.41,20,194,308,92,5.82,0.066,0.012,19.2,0,0.043,0.177,5.034,0.593,0.332,10,2.79,3,84,6.075,7.325,0.408
223,55.85,25.38,18.66,0,35,2.25,19,185,275,81,6.14,0.069,0.009,21.5,0,0.051,0.176,4.537,0.658,0.336,11,2.9,3,88,7.344,8.855,0.493
224,55.28,25.56,18.87,0,30,2.37,20,189,289,78,6.19,0.075,0.01,21.5,0,0.049,0.176,4.818,0.658,0.351,11,2.81,3,88,7.248,8.624,0.52
225,58.69,23.45,16.44,0,32,2.5,20,199,322,87,5.95,0.071,0.012,19.6,0,0.043,0.177,5.282,0.604,0.344,10,2.79,3,84,6.281,7.472,0.451
226,55.99,25.75,17.78,0,24,2.48,20,194,304,75,6.25,0.08,0.011,21.5,0,0.047,0.176,5.098,0.658,0.366,10,2.73,3,88,6.764,7.895,0.517
227,59.11,24.04,15.94,0,26,2.59,21,205,335,83,6.07,0.076,0.012,19.9,0,0.043,0.177,5.53,0.615,0.356,9,2.79,3,84,6.029,7.037,0.461
228,57.98,25.93,15.41,0,18,2.6,21,198,318,72,6.31,0.085,0.012,21.5,0,0.046,0.176,5.378,0.658,0.382,9,2.64,3,88,5.895,6.668,0.484
229,60.61,24.62,14.02,0,20,2.68,22,211,349,79,6.2,0.081,0.012,20.3,0,0.043,0.177,5.778,0.728,0.367,8,2.79,3,84,5.331,6.034,0.438
230,61.24,26.11,11.75,0,13,2.71,22,202,333,68,6.37,0.09,0.013,21.5,0,0.044,0.176,5.659,0.658,0.397,8,2.56,3,88,4.628,4.943,0.421
231,63.21,25.21,10.68,0,15,2.77,23,216,363,75,6.33,0.086,0.012,20.7,0,0.043,0.177,6.027,0.636,0.379,8,2.79,3,84,4.189,4.473,0.381
232,63.81,26.22,8.94,0,9,2.78,22,205,342,66,6.41,0.094,0.014,21.5,0,0.043,0.176,5.827,0.658,0.406,7,2.51,3,88,3.684,3.669,0.368
233,65.29,25.56,8.01,0.06,11,2.82,24,220,371,72,6.4,0.089,0.012,20.9,0,0.043,0.177,6.175,0.642,0.386,7,2.79,3,84,3.286,3.273,0.328
234,65.78,26.29,6.8,0,7,2.83,22,206,347,65,6.43,0.096,0.014,21.5,0,0.042,0.176,5.939,0.658,0.412,7,2.47,3,88,2.976,2.72,0.327
235,66.9,25.8,5.94,0,9,2.85,24,222,376,71,6.45,0.091,0.012,21.1,0,0.043,0.177,6.275,0.646,0.391,7,2.79,3,84,2.589,2.365,0.284
236,67.96,26.36,4.46,0,5,2.88,23,208,353,64,6.45,0.098,0.015,21.5,0,0.041,0.176,6.051,0.658,0.418,7,2.44,3,88,2.207,1.691,0.281
237,68.68,26.03,3.65,0,7,2.89,24,224,382,69,6.5,0.093,0.012,21.2,0,0.043,0.177,6.374,0.65,0.396,7,2.79,3,84,1.797,1.377,0.229
238,64.35,27.31,8.14,0,13,3.2,18,254,346,56,4.16,0.091,0.009,24.9,0,0.061,0.391,5.556,0.353,0.681,7,4.06,6,84,3.245,3.55,0.59
239,63.7,27.26,8.82,0,14,3.24,18,252,347,56,4.42,0.086,0.009,24.6,0,0.059,0.388,5.438,0.333,0.691,7,3.98,6,82,3.533,3.937,0.617
240,65.33,27.38,7.12,0,13,3.03,14,258,349,54,3.68,0.097,0.008,25.2,0,0.063,0.397,5.732,0.381,0.665,7,4.18,8,85,2.812,2.969,0.55
241,64.79,27.51,7.49,0,13,3.22,18,255,350,56,4.19,0.091,0.009,25.1,0,0.069,0.395,5.586,0.459,0.686,7,4.09,2,84,2.99,3.275,0.569
242,64.17,27.48,8.13,0,14,3.25,18,253,350,56,4.46,0.086,0.009,24.8,0,0.065,0.392,5.47,0.444,0.696,7,4.01,1,82,3.252,3.636,0.594
243,65.71,27.55,6.54,0,13,3.04,14,259,352,54,3.7,0.097,0.009,25.4,0,0.074,0.4,5.76,0.481,0.669,7,4.21,2,85,2.595,2.734,0.532
244,65.7,27.7,6.36,0,13,3.04,13.7,259,352,54,3.7,0.097,0.008,25.4,0,0,0.4,5.76,0,0.67,0,4.21,0,85,2.47,2.26,0.472
245,60.38,30.5,8.91,0,13,3.24,18,257,350,57,4.21,0.092,0.009,25.2,0,0.062,0.395,5.61,0.356,0.687,7,4.1,7,93,3.525,3.98,0.613
246,59.78,30.21,9.71,0,14,3.32,19,258,356,58,4.54,0.088,0.009,25.2,0,0.061,0.398,5.579,0.342,0.708,7,4.08,7,93,3.85,4.415,0.662
247,61.29,30.93,7.7,0,13,3.02,14,257,348,54,3.66,0.096,0.008,25.1,0,0.071,0.394,5.691,0.431,0.661,7,4.15,7,93,3.036,3.327,0.539
248,60.76,30.7,8.32,0,15,3.59,20,285,390,59,4.68,0.102,0.01,28,0,0.071,0.441,6.235,0.471,0.765,7,4.57,2,93,3.296,3.728,0.593
249,60.21,30.45,9.03,0,17,4.12,23,321,443,71,5.65,0.109,0.012,31.4,0,0.071,0.5,7.071,0.471,0.868,7,5.18,1,93,3.576,4.114,0.64
250,61.58,31.09,7.25,0,13,3.11,14,265,359,55,3.78,0.099,0.009,25.9,0,0.076,0.408,5.87,0.494,0.682,7,4.29,2,93,2.876,3.15,0.525
251,59.98,28.57,11.15,0,14,3.41,19,265,366,59,4.66,0.09,0.01,25.9,0,0.064,0.41,5.813,0.369,0.712,7,4.25,7,81,4.534,5.081,0.578
252,58.83,28.19,12.51,0,14,3.37,19,262,361,59,4.61,0.089,0.01,25.6,0,0.061,0.401,5.622,0.344,0.714,7,4.11,7,88,5.111,5.8,0.629
253,61.71,29.16,9.12,0,14,3.23,15,274,371,57,3.91,0.103,0.009,26.8,0,0.067,0.425,6.133,0.408,0.712,7,4.48,6,85,3.667,4.002,0.502
254,61.74,29.53,8.41,0,14,3.47,20,275,376,61,4.52,0.098,0.009,27,0,0.071,0.424,5.996,0.476,0.736,7,4.39,2,91,3.413,3.875,0.479
255,60.74,29.22,9.52,0,14,3.38,19,268,367,59,4.41,0.096,0.009,26.3,0,0.067,0.415,5.871,0.454,0.721,7,4.3,1,87,3.899,4.499,0.522
256,63.25,29.99,6.74,0,14,3.25,15,277,375,58,3.95,0.104,0.009,27.1,0,0.076,0.43,6.187,0.495,0.719,7,4.52,2,86,2.685,2.94,0.415
257,55.99,26.18,17.69,0,14,2.48,20,216,265,52,4.16,0.067,0.003,24.8,0,0.058,0.2,6.644,0.338,0.65,6,1.88,0,81,6.925,7.883,0.813
258,54.87,25.69,19.19,0,14,2.47,20,212,259,54,4.1,0.064,0.003,24,0,0.056,0.191,6.734,0.314,0.642,6,1.81,7,81,7.505,8.59,0.862
259,57.68,26.92,15.44,0,14,2.51,21,223,282,50,4.31,0.064,0.004,25.9,0,0.062,0.214,6.51,0.375,0.663,7,2,8,81,6.056,6.821,0.738
260,61.54,29.06,9.11,0,13,2.59,23,229,299,54,4.71,0.074,0.004,27.7,0,0.062,0.221,7.32,0.348,0.719,7,1.96,2,80,3.435,3.98,0.504
261,60.58,28.66,10.34,0,13,2.58,22,226,293,56,4.66,0.071,0.003,26.9,0,0.06,0.212,7.46,0.32,0.714,7,1.88,1,80,3.917,4.59,0.545
262,62.99,29.67,7.26,0,13,2.61,24,236,315,51,4.83,0.07,0.004,28.7,0,0.066,0.235,7.11,0.39,0.728,7,2.09,2,80,2.713,3.064,0.442
263,57.96,26.72,15.11,0,22,1.63,23,213,340,57,4.85,0.073,0.009,28.8,0,0.078,0.14,6.978,0.527,0.585,8,1.38,0,79,5.951,6.298,0.56
264,57.1,26,15,0.8,7,3.16,26,226,361,89,9.99,0.159,0,35.6,0,0.074,0.26,3.916,0,0.396,6,2.77,7,84,5.35,7.497,0.553
265,57.2,26.3,14.3,1.1,7,3.23,26,231,368,91,10.21,0.162,0,35,0,0.074,0.263,3.961,0,0.4,6,2.81,7,83,5.092,7.085,0.523
266,56.9,25.5,16.1,0.4,6,3.19,24,217,342,78,9.88,0.125,0,36.5,0,0.08,0.385,4.093,0,0.413,6,2.71,8,85,5.737,8.115,0.598
267,62.62,28.26,7.23,0.73,17,2.02,25,232,371,62,5.61,0.094,0,35.3,0,0.067,0.129,7.44,0,0.525,7,2.74,2,84,2.653,3.404,0.268
268,61.65,28.19,7.96,1.07,17,2.04,25,233,374,62,5.65,0.095,0,34.8,0,0.067,0.129,7.423,0,0.524,7,2.79,1,83,2.905,3.763,0.292
269,64.07,28.36,6.14,0.22,21,1.82,26,240,389,63,5.41,0.08,0,36.3,0,0.081,0.15,8.287,0,0.627,7,2.65,2,85,2.275,2.864,0.231
270,57.82,31.3,11.37,0,6,2.54,18,157,177,33,5.93,0.119,0.011,2.1,0,0.039,0.133,2.132,0.377,0.18,0,1.53,12,92,4.117,3.67,0.424
271,60.46,33.53,6.57,0,5,2.7,19,165,181,33,6.38,0.128,0.012,2,0,0.037,0.142,2.232,0.399,0.191,0,1.65,13,91,1.881,2.366,0.341
272,52.86,27.79,19.45,0.03,6,2.2,22,195,338,49,4.56,0.069,0.004,6.2,0,0.066,0.137,3.889,0.405,0.281,0,1.3,11,91,7.012,6.037,0.491
273,56.8,30.09,13.22,0,5,2.38,23,209,361,52,4.99,0.074,0.004,6.6,0,0.067,0.148,4.177,0.438,0.305,0,1.4,12,94,4.523,4,0.363
274,64.99,29.49,5.57,0,4,1.88,24,221,372,43,3.92,0.063,0.004,1.8,0,0.041,0.111,3.962,0.35,0.335,0,1.24,7,67,1.85,2.017,0.28
275,65.38,29.68,4.98,0,4,1.89,24,222,374,43,3.95,0.063,0.004,1.8,0,0.041,0.112,3.983,0.353,0.337,0,1.25,7,67,1.623,1.831,0.269
276,61.82,27.23,9.74,0.09,18,2.21,22,204,363,58,4.9,0.058,0.008,3.5,0,0.026,0.117,5.053,0.389,0.266,0,1.15,9,69,3.585,2.975,0.236
277,56.07,29.36,14.2,0,7,2.44,23,168,298,63,8.06,0.108,0.108,33.3,0,0.083,0.348,6.338,0.683,0.483,7,2.91,7,92,5.057,6.278,0.616
278,55.35,28.9,15.3,0,7,2.48,23,165,293,63,7.95,0.105,0.105,32.9,0,0.088,0.35,6.224,0.692,0.462,7,3.06,7,93,5.554,6.927,0.665
279,57.16,30.06,12.54,0,7,2.34,24,173,307,61,8.33,0.106,0.106,34.3,0,0.078,0.346,6.509,0.674,0.515,7,2.7,8,91,4.311,5.304,0.543
280,57,29.99,12.69,0,7,2.47,24,171,303,63,8.24,0.109,0.109,34,0,0.085,0.353,6.471,0.69,0.492,7,2.95,2,92,4.315,5.49,0.553
281,56.33,29.56,13.72,0,7,2.51,23,168,298,64,8.14,0.107,0.107,33.7,0,0.09,0.355,6.365,0.7,0.471,7,3.1,2,93,4.76,6.088,0.597
282,58.01,30.64,11.16,0,7,2.36,24,176,312,62,8.49,0.107,0.107,35,0,0.08,0.35,6.63,0.68,0.524,7,2.72,2,91,3.647,4.594,0.486
283,51.41,27.06,20.47,0,8,5.09,24,185,280,70,7.01,0.206,0.205,34.8,0,0.122,0.831,5.096,1.33,0.45,7,7.72,8,102,7.405,8.235,1.128
284,50.82,26.46,21.62,0,8,4.95,24,182,282,70,6.97,0.205,0.204,35.2,0,0.126,0.827,4.836,1.36,0.437,6,7.97,8,104,7.733,8.732,1.176
285,52.3,27.95,18.75,0,8,5.33,26,193,280,69,7.2,0.212,0.212,35.1,0,0.117,0.837,5.485,1.3,0.47,7,7.34,8,98,6.911,7.49,1.057
286,52.29,27.68,19.01,0,7,5.21,25,188,284,71,7.17,0.211,0.21,35.7,0,0.125,0.853,5.198,1.36,0.458,7,7.92,2,102,6.674,7.443,1.078
287,51.62,27.03,20.28,0,7,5.06,24,185,286,71,7.12,0.21,0.208,36,0,0.13,0.848,4.927,1.39,0.445,7,8.18,2,105,7.035,7.979,1.128
288,53.31,28.65,17.1,0,8,5.46,26,197,284,70,7.38,0.217,0.217,36,0,0.12,0.86,5.605,1.33,0.479,7,7.53,3,99,6.132,6.639,1.003
289,66.14,30.54,3.17,0,5,0.45,34,258,391,52,0.9,0.042,0.012,28.4,0,0.107,0.213,12.133,1.71,1.157,0,0.21,10,104,0.992,1.212,0.764
290,53.52,25.95,20.97,0,21,1.42,20,154,210,87,2.25,0.076,0.022,22.5,0,0.061,0.195,6.718,1.012,0.27,6,0.27,105,88,5.82,8.29,4.62
291,58.75,28.19,13.16,0,24,1.39,22,165,237,96,2.65,0.081,0.022,17.3,0,0.068,0.217,7.069,1.13,0.34,7,0.3,0,90,3.6,4.83,3.05
292,62.44,29.8,7.78,0,14,1.07,27,214,245,71,1.02,0.05,0.018,24.7,0,0.066,0.119,12.71,0.936,0.56,4,0.32,28,84,2.19,3.03,1.66
293,65.26,31.02,3.57,0,15,1.04,29,228,256,74,1,0.049,0.017,27.6,0,0.07,0.114,13.712,0.965,0.6,4,0.34,6,85,1.01,1.24,0.77
294,69.93,24.24,5.7,0,11,1.14,22,200,256,128,2.56,0.074,0.014,28.1,0,0.098,0.222,5.598,1.1,0.407,4,0.38,6,130,1.505,2.181,1.202
295,58.63,25.97,15.78,0,15,1.36,22,168,220,87,2.49,0.077,0.021,20.2,0,0.066,0.207,6.359,1.111,0.31,7,0.29,60,91,4.37,6.19,3.49
296,63.06,27.37,9.73,0,15,1.33,23,179,240,93,2.8,0.08,0.021,18,0,0.073,0.227,6.548,1.21,0.36,8,0.32,22,93,2.66,3.56,2.26
297,66.39,23.35,10.15,0,11,1.11,22,195,247,123,2.36,0.071,0.015,26.9,0,0.093,0.203,5.403,1.077,0.383,4,0.39,12,130,2.74,4.155,2.083
298,66.74,24.03,8.99,0,12,1.09,23,202,264,98,2.07,0.061,0.02,25.7,0,0.09,0.187,6.034,1.191,0.413,5,0.38,20,127,2.446,3.564,1.855
299,67.69,24.22,7.8,0,12,1.08,24,205,269,99,2.11,0.061,0.019,25.2,0,0.091,0.189,6.053,1.209,0.425,5,0.39,7,128,2.108,3.052,1.605
300,60.51,29.02,10.85,0,15,1.14,25,200,227,75,1.23,0.053,0.018,24.1,0,0.06,0.118,11.134,0.926,0.52,3,0.32,33,84,3.05,4.26,2.31
301,64.76,30.91,4.51,0,15,1.06,27,216,247,77,1.23,0.05,0.017,24.4,0,0.065,0.116,12.421,0.972,0.6,4,0.34,9,85,1.27,1.54,0.98
302,61.96,23.26,14.71,0,9,1.08,22,216,253,102,1.73,0.063,0.017,25.3,0,0.088,0.19,5.789,1.227,0.414,4,0.44,16,133,4.111,6.257,2.993
303,59.4,23.79,16.87,0,18,0.84,19,147,212,98,1.64,0.041,0.011,25.5,0,0.065,0.153,6.32,0.86,0.558,9,0.35,12,141,4.976,7.706,3.59
304,62.78,30.46,8.13,0,16,1.16,21,166,210,92,2.14,0.054,0.016,24.7,0,0.047,0.129,7.312,0.999,0.59,4,0.34,18,85,2.26,2.61,1.78
305,51.84,18.99,28.35,0,11,2.7,16,156,204,59,1.86,0.227,0.019,20,0,0.174,0.269,4.825,1.098,0.18,6,0.3,63,84,9.67,12.9,3.65
306,64.22,23.48,11.2,0,12,2.7,20,203,252,65,2.6,0.231,0.019,22.4,0,0.26,0.47,5.1,1.5,0.25,10,0.4,23,89,3.951,3.858,1.487
307,66.43,31.27,2.3,0,6,4.56,30,272,397,53,3.19,0.232,0.026,46.1,0,0.35,0.599,9.814,3.387,0.916,9,9.37,0,82,0.583,0.917,0.318
308,61.97,33.67,2.68,0,7,6.89,34,323,324,110,4.32,0.285,0.036,52.1,0,0.43,0.645,10.569,3.647,0.987,10,2.2,3,129,0.87,1.079,0.613
309,65.83,28.43,4.65,0,8,5.01,29,269,375,65,4.56,0.238,0.03,43.5,0,0.318,0.545,8.925,3.08,0.833,9,8.52,0,87,1.242,1.953,0.677
310,64.31,32.38,2.01,0,6,7.27,33,307,312,118,5.09,0.272,0.034,49.6,0,0.41,0.621,10.164,3.508,0.949,10,2.4,3,91,0.654,0.859,0.408
311,65.9,29.45,2.67,0,4,4.2,28,210,372,54,1.68,0.213,0.022,12.9,0,0.26,0.73,0,0,0,9,0,0,126,0.97,0.63,0.58
312,57.92,34.85,6.96,0,22,10,29,292,403,59,2.27,0.189,0,43.1,3,0.05,0.31,2.2,0.93,0.47,11,8.3,0,117,2.07,1.89,1.35
313,61.7,30.66,6.32,0,24,3.05,0,250,459,82,6.4,0,0,13.1,9,0.03,0.11,4.89,0.58,0,18,2.55,0,58,2.68,2.68,0.2
314,65.08,30.18,4.96,0,5,3.52,28,257,382,41,3.79,0.21,0.011,41,0,0.165,0.365,6.475,1.448,0.657,19,1.81,0,85,1.957,1.79,0.215
315,63.87,28.3,4.38,0,16,1.12,27,134,396,60,3.01,0.056,0,13,0,0.31,0.14,4.21,0,0.418,6,0.7,0,77,1.3,1.71,0.64
316,68.81,26.83,1.8,0,15,2.12,33,220,313,56,2.54,0.178,0,12,0,0.03,0.25,6.29,0.17,0.46,9,1.75,0,61,0.6,0.55,0.36
317,62.43,29.77,4.42,0,22,6.17,27,233,310,60,5.26,0.263,0.087,13.6,3,0.25,0.9,5.79,2.68,0.32,5,6.64,0,109,1.7,1.33,0.62
318,65.23,30.21,3.19,0,7,4.47,24,226,335,54,2.75,0.3,0.046,12.9,0,0.18,0.6,6.71,0,0,0,0,0,112,1.25,0.88,0.62
319,64.23,26.45,8.22,0,14,3.35,24,228,364,78,5.2,0.1,0.013,10.3,0,0.503,0.327,9.257,0.76,0.468,8,2.32,0,98,3.993,1.939,0.444
320,66.28,30.19,1.9,0,5,3.63,24,180,328,61,3.16,0.142,0.013,13,0,0,0,0,0,0,9,0,0,73,0.7,0.48,0.4
321,64.14,26.64,8.74,0,10,3.34,24,221,354,85,6.56,0.142,0.011,9,0,0.125,0.32,5.32,1.05,0.42,8,2.57,0,78,4.002,2.757,0.412
322,68.21,27.1,3.03,0,17,3.73,0,201,405,86,5.27,0.303,0.042,11.8,0,0.09,0.61,3.95,0,0,5,1.19,0,75,0.93,1.36,0.23
323,63.98,28.14,6.05,0,8,5.03,25,247,379,55,3.82,0.171,0.022,13.5,2,0.1,0.12,4.84,0,0.33,0,3.16,0,68,1.9,2.12,0.85
324,67.83,29.27,0.97,0,6,4.22,24,176,334,69,3.68,0.079,0.009,12.8,5,0.05,0.34,5.26,0,0.37,4,6.31,0,78,0.29,0.2,0.31
325,55.58,30.09,11.74,0,36,7.1,26,271,320,95,2.27,0.189,0.032,14.8,7,0.08,0.71,7.19,0.93,0.47,11,8.3,0,121,0,0,0
326,60.61,29.06,8.05,0,19,2.27,21,263,383,47,2.27,0.189,0.032,38.5,0,0.09,0.21,8.43,0.93,0.47,11,8.3,0,82,2.4,2.17,1.56
327,62.07,30.77,4.69,0,3,6.81,28,211,352,119,1.78,0.148,0.032,15.1,0,0.06,0.29,4.64,0.93,0.37,9,6.51,0,121,0.54,1.786,1.683
328,51.95,25.16,21.92,0,13,2.83,22,270,329,70,2.62,0.264,0.023,21.8,0,0.077,0.323,4.168,1.53,0.37,2,0.41,21,91,6.87,10.25,2.52
329,57.23,28.97,12.67,0,14,2.87,25,309,388,76,3.17,0.276,0.024,25.5,0,0.092,0.39,4.081,1.834,0.47,12,0.49,12,96,4.56,4.34,1.54
330,60.91,27.54,12.04,0,3,2.01,23,191,279,69,3.53,0.12,0.005,6.3,0,0.143,0.514,6.646,0.766,0.429,0,2.25,2,106,5.223,4.668,0.764
331,63.87,28.6,8.35,0,2,2.04,23,196,287,70,3.67,0.125,0.005,6.4,0,0.149,0.54,6.88,0.79,0.441,0,2.45,2,107,3.224,3.231,0.546
332,61.99,25.54,11.78,0,14,2.38,25,228,342,65,4.95,0.165,0.015,13.5,0,0.13,0.4,5.527,0.949,0.44,0,3.1,0,85,5.32,4.755,0.526
333,64.85,26.75,7.68,0,13,2.48,26,237,354,66,5.21,0.173,0.015,14.2,0,0.135,0.42,5.725,0.99,0.46,0,3.19,0,85,3.111,3.129,0.39
334,60.82,25.25,13.69,0,10,2.01,23,203,313,67,4.49,0.138,0.013,10.6,0,0.127,0.39,5.418,0.926,0.429,0,3.04,0,83,6.341,5.554,0.563
335,65.3,27.18,7.27,0,8,2.13,25,213,329,69,4.86,0.147,0.014,11.5,0,0.135,0.42,5.725,0.99,0.46,0,3.19,0,83,2.918,3.021,0.348
336,59.95,25.75,13.83,0,14,2.34,25,224,336,64,4.83,0.162,0.015,10.1,0,0.128,0.391,5.433,0.929,0.43,0,3.05,0,85,6.414,5.567,0.595
337,64.08,27.63,7.8,0,13,2.48,26,237,354,66,5.21,0.173,0.015,10.8,0,0.135,0.42,5.725,0.99,0.46,0,3.19,0,85,3.159,3.177,0.396
338,56.2,24.88,19.38,0,15,2.06,23,199,297,78,4.24,0.173,0.016,11.7,0,0.124,0.376,5.281,0.898,0.415,0,2.98,0,102,9.245,7.658,0.771
339,62.18,27.75,10.65,0,13,2.24,25,214,318,83,4.76,0.194,0.017,13,0,0.135,0.42,5.725,0.99,0.46,0,3.19,0,105,4.508,4.182,0.482
340,54.95,30.15,11.64,0.08,4,2.41,24,203,291,77,3.9,0.136,0.004,8.4,0,0.14,0.524,6.783,0.749,0.391,0,2.52,2,113,5.483,4.926,0.878
341,58.24,32.08,9.59,0,4,2.55,25,215,308,80,4.15,0.146,0.004,8.8,0,0.149,0.56,7.19,0.79,0.413,0,2.75,2,117,4.359,4.17,0.77
342,59.65,25.16,15.13,0,11,2.03,23,202,309,70,4.43,0.147,0.014,5.7,0,0.126,0.386,5.383,0.919,0.425,0,3.03,0,88,7.091,6.087,0.615
343,64.54,27.31,8.1,0,9,2.15,25,214,326,72,4.83,0.158,0.014,5.9,0,0.135,0.42,5.725,0.99,0.46,0,3.19,0,89,3.297,3.304,0.38
344,62,25.49,12.25,0,21,2.12,25,214,331,78,3.36,0.15,0.013,9.6,0,0.173,0.322,7.831,0.813,0.493,0,2,0,82,5.572,4.888,0.486
345,64.45,26.53,8.75,0,21,2.18,26,220,340,80,3.48,0.156,0.014,10.3,0,0.18,0.333,8.15,0.84,0.514,0,2.01,0,81,3.687,3.499,0.367
346,62.38,30.87,7.02,0,2,2.52,24,170,231,61,2.42,0.137,0.007,9.7,0,0.192,0.568,9.544,1.215,0.769,0,2.65,2,110,2.251,2.077,0.546
347,62.62,30.97,6.71,0,2,2.52,24,170,231,61,2.42,0.137,0.007,9.8,0,0.193,0.57,9.58,1.22,0.772,0,2.67,2,111,2.084,1.953,0.529
348,55.09,24.75,19.65,0,22,1.79,24,201,339,81,4.67,0.128,0.024,27.7,0,0.1,0.25,6.7,0.66,0.14,19,2.61,0,97,8.12,8.32,1.4
349,60.66,26.41,12.45,0,10,1.98,25,198,326,65,4.66,0.117,0.025,29.4,0,0.1,0.27,6.55,0.7,0.16,22,2.67,0,90,5.09,5.29,0.88
350,61.43,26.73,11.4,0,9,1.99,25,200,329,65,4.72,0.118,0.026,29.7,0,0.1,0.27,6.52,0.7,0.16,23,2.68,0,90,4.6,4.86,0.8
351,64.92,28.17,6.67,0,8,2.06,26,208,342,66,5.02,0.121,0.028,31.7,0,0.11,0.28,6.39,0.71,0.17,24,2.71,0,87,2.38,2.92,0.44
352,54.13,24.63,20.67,0,11,2,22,183,301,68,4.13,0.112,0.022,25.5,0,0.11,0.28,6.62,0.67,0.14,17,2.53,0,97,8.74,8.71,1.49
353,54.85,24.95,19.67,0,11,2.01,23,185,304,68,4.2,0.113,0.023,25.8,0,0.11,0.28,6.59,0.67,0.14,17,2.54,0,96,8.26,8.3,1.42
354,62.49,28.35,9.17,0,8,2.2,25,203,333,71,4.85,0.119,0.028,30.8,0,0.12,0.31,6.27,0.7,0.17,21,2.58,0,92,3.28,4.02,0.6
355,57.48,25.55,16.48,0,11,1.98,24,191,313,66,4.4,0.115,0.024,27.2,0,0.1,0.27,6.59,0.68,0.15,20,2.59,0,93,6.89,6.96,1.18
356,58.99,26.2,14.42,0,10,2.02,24,194,319,67,4.53,0.116,0.025,27.8,0,0.11,0.28,6.53,0.69,0.15,20,2.6,0,92,5.92,6.12,1.02
357,63.89,28.3,7.74,0,8,2.12,26,206,338,68,4.94,0.12,0.028,30.1,0,0.11,0.29,6.34,0.71,0.17,23,2.64,0,89,2.76,3.39,0.51
358,51.57,25.17,23.08,0,20,1.81,24,196,327,77,3.48,0.13,0.022,27.4,0,0.1,0.25,7.1,0.64,0.13,18,2.47,0,100,9.83,9.7,1.68
359,52.5,22.55,23.59,0,18,2.12,23,180,246,64,3.41,0.119,0.02,24.6,0,0.1,0.24,7.1,0.65,0.11,19,2.21,0,95,10.24,9.68,1.87
360,53.31,26.06,20.61,0,20,1.84,25,201,336,78,3.6,0.133,0.023,28.2,0,0.11,0.26,7.06,0.64,0.13,19,2.48,0,99,8.65,8.69,1.48
361,54.33,23.27,21.12,0,18,2.17,24,185,250,64,3.52,0.122,0.021,25.2,0,0.1,0.24,7.05,0.66,0.13,20,2.2,0,93,9.08,8.65,1.69
362,60.98,29.99,9.73,0,19,2,28,226,376,84,4.13,0.145,0.028,32.8,0,0.11,0.28,6.85,0.66,0.16,24,2.52,0,95,3.48,4.26,0.64
363,62.76,26.59,9.76,0,17,2.44,27,206,267,66,4.06,0.132,0.026,30.3,0,0.1,0.27,6.83,0.68,0.16,25,2.16,0,87,3.72,3.95,0.86
364,70.59,23.69,5.27,0,4,1.73,25,205,339,61,3.24,0.158,0.013,6,0,0.138,0.188,3.571,0.87,0.175,0,2.06,5,74,1.769,1.295,0.344
365,59.01,25.34,13.95,0,9,2.13,20,221,170,44,3.67,0.105,0.024,4.1,0,0.12,0.46,7.57,0.55,0.13,1,2.61,0,101,6.75,5.4,0.68
366,58.22,21.13,20.98,0.1,7,1.44,21,179,306,69,2.61,0.113,0.009,3.6,0,0.116,0.187,5.334,0.436,0.173,0,1.42,16,76,8.762,5.721,0.805
367,68.3,25.53,6.7,0,8,1.6,24,205,345,76,3.01,0.137,0.01,4,0,0.119,0.221,6.436,0.514,0.206,0,1.63,5,78,2.514,1.754,0.378
368,66.64,28.96,4.57,0,6,2.05,28,234,355,57,2.69,0.167,0.01,5.5,0,0.062,0.187,7.126,0.784,0.205,0,1.39,1,86,1.614,1.255,0.352
369,66.69,28.99,4.49,0,6,2.05,28,234,355,57,2.7,0.167,0.01,5.5,0,0.062,0.187,7.133,0.785,0.205,0,1.39,1,86,1.581,1.233,0.35
370,56.45,21.45,22.33,0.05,7,1.33,21,178,305,61,4.28,0.101,0.009,4.2,0,0.116,0.167,3.739,0.673,0.107,0,1.94,14,78,8.431,5.677,0.851
371,64.22,25.14,10.91,0,7,1.38,23,197,337,65,5,0.118,0.01,4.7,0,0.116,0.188,4.279,0.798,0.118,0,2.27,6,79,3.262,2.324,0.503
372,64.76,23.56,11.2,0.01,11,1.74,23,195,323,67,2.52,0.122,0.009,4.3,0,0.06,0.204,6.037,0.618,0.28,0,1.28,5,72,4.41,3.194,0.516
373,66.7,24.39,8.38,0,11,1.76,24,200,330,67,2.56,0.126,0.009,4.4,0,0.057,0.21,6.267,0.64,0.291,0,1.31,3,72,3.196,2.399,0.43
374,59.66,22.06,18.29,0.04,20,1.57,22,195,304,69,2.69,0.108,0.01,4,0,0.067,0.186,6.019,0.366,0.156,0,1.17,10,76,7.066,4.787,0.734
375,64.96,24.43,10.63,0,22,1.65,24,209,323,72,2.89,0.12,0.01,4.3,0,0.06,0.202,6.705,0.394,0.17,0,1.24,4,76,3.664,2.601,0.503
376,55.93,20.88,23.39,0.03,12,1.41,20,176,299,72,3.87,0.095,0.008,5.7,0,0.072,0.198,3.618,0.399,0.159,0,2.18,11,72,9.332,6.446,0.881
377,64.96,25.08,10.13,0,14,1.47,22,197,334,80,4.59,0.114,0.009,6.8,0,0.056,0.231,4.238,0.463,0.189,0,2.65,1,71,3.503,2.646,0.47
378,63.79,23.41,12.68,0.03,4,1.64,24,201,349,61,3.45,0.143,0.012,4.4,0,0.107,0.23,5.457,0.758,0.253,0,1.49,7,79,4.788,3.574,0.591
379,68.14,25.29,6.44,0,4,1.71,26,213,369,62,3.69,0.155,0.013,4.6,0,0.107,0.248,5.892,0.823,0.275,0,1.58,2,79,2.035,1.841,0.406
380,47.06,22.13,29.59,0,19,1.88,23,178,270,76,4,0.121,0.02,23.9,0,0.09,0.22,7,0.61,0.11,14,2.54,0,99,12.7,12.12,2.37
381,47.89,21.12,29.82,0,22,1.6,20,166,271,73,3.49,0.115,0.019,21.8,0,0.09,0.21,6.75,0.63,0.11,15,2.23,0,97,12.77,12.52,2.17
382,49.03,23.06,26.82,0,18,1.93,24,184,277,77,4.21,0.124,0.021,24.7,0,0.09,0.23,6.92,0.61,0.11,15,2.56,0,98,11.36,10.97,2.17
383,49.59,21.82,27.53,0,22,1.62,20,170,277,74,3.62,0.117,0.021,22.3,0,0.09,0.21,6.67,0.64,0.12,16,2.22,0,96,11.66,11.59,1.99
384,58.83,27.74,12.95,0,16,2.21,29,213,313,85,5.27,0.139,0.029,31,0,0.1,0.25,6.55,0.63,0.15,21,2.64,0,91,4.65,5.21,1.18
385,60.13,26.16,13.31,0,21,1.77,23,195,315,81,4.47,0.129,0.028,26.9,0,0.09,0.23,6.16,0.66,0.15,22,2.16,0,88,4.76,5.83,0.87
386,54.69,24.44,19.55,0,18,2.09,26,197,309,77,4.89,0.133,0.023,27.6,0,0.1,0.27,7.02,0.68,0.12,18,2.86,0,96,8.37,8.01,1.57
387,55.92,22.53,20.24,0,18,2.03,23,183,259,65,4.48,0.113,0.021,25.4,0,0.09,0.25,6.66,0.71,0.12,20,2.55,0,92,8.74,8.3,1.61
388,57.07,22.93,18.75,0,17,2.05,23,185,262,65,4.58,0.114,0.022,25.8,0,0.09,0.25,6.62,0.71,0.13,21,2.56,0,91,8.04,7.68,1.5
389,55.77,24.91,18.05,0,18,2.12,27,200,314,78,5.01,0.135,0.024,28.1,0,0.1,0.27,6.99,0.68,0.12,19,2.88,0,96,7.66,7.38,1.46
390,62.28,27.71,9.02,0,17,2.31,30,219,340,82,5.73,0.145,0.028,31.5,0,0.1,0.29,6.81,0.71,0.14,23,3,0,92,3.42,3.65,0.8
391,64.32,25.46,9.26,0,16,2.23,26,202,277,67,5.25,0.12,0.026,29.1,0,0.1,0.27,6.34,0.74,0.14,25,2.61,0,86,3.59,3.76,0.8
392,55.92,23.08,19.94,0,24,1.72,24,198,336,82,5.62,0.122,0.024,27.4,0,0.09,0.25,6.38,0.67,0.15,18,2.73,0,95,8.18,8.46,1.42
393,55.85,22.25,20.61,0,21,1.92,22,183,246,66,5.58,0.106,0.022,25.2,0,0.09,0.23,5.91,0.69,0.11,21,2.67,0,92,8.64,8.42,1.68
394,57.01,23.48,18.5,0,24,1.73,24,201,341,83,5.77,0.123,0.024,27.8,0,0.09,0.25,6.33,0.67,0.15,18,2.74,0,95,7.49,7.88,1.3
395,56.95,22.62,19.19,0,21,1.95,23,185,248,67,5.72,0.107,0.022,25.6,0,0.09,0.24,5.84,0.7,0.13,21,2.68,0,92,7.96,7.83,1.58
396,62.46,25.48,11.32,0,24,1.81,26,216,368,88,6.48,0.129,0.028,30.9,0,0.1,0.26,6.07,0.69,0.17,21,2.81,0,91,4.04,4.96,0.74
397,62.82,24.61,11.57,0,21,2.07,25,199,258,68,6.48,0.11,0.026,28.1,0,0.09,0.25,5.47,0.72,0.15,25,2.74,0,87,4.34,4.68,1.03
398,55.03,24.42,19.26,0,21,2.03,26,198,301,78,5.72,0.128,0.024,27.4,0,0.09,0.26,6.45,0.67,0.12,19,2.97,0,97,8.04,7.87,1.58
399,56.26,22.51,19.97,0,20,1.97,23,184,251,66,5.23,0.108,0.022,26.2,0,0.09,0.24,6.15,0.7,0.13,21,2.64,0,92,8.44,8.17,1.62
400,56.7,23.84,18.39,0,23,1.83,25,201,335,82,5.58,0.126,0.024,26.5,0,0.1,0.26,6.49,0.68,0.14,18,2.78,0,95,7.53,7.75,1.34
401,56.98,22.7,19.08,0,20,1.97,23,185,251,66,5.44,0.108,0.022,26.4,0,0.09,0.24,6.04,0.7,0.13,21,2.65,0,91,7.98,7.79,1.56
402,61.38,27.12,10.5,0,21,2.19,29,217,324,83,6.6,0.137,0.028,31.3,0,0.1,0.28,6.15,0.69,0.14,23,3.11,0,93,3.88,4.24,0.94
403,63.32,24.94,10.77,0,19,2.13,25,200,265,68,6.04,0.113,0.026,28.5,0,0.09,0.26,5.76,0.73,0.15,25,2.7,0,87,4.08,4.36,0.95
404,40.2,4.48,1.19,52.36,19,1.5,90,102,477,4,0.93,0.387,1.708,0,38.4,0.15,0.09,1.5,0.592,0.437,72,0,0,0,0.175,0.62,0.307
405,49.9,2.97,0.8,45.13,35,2.1,64,93,427,19,1.43,0.73,2.065,0,28,0.45,0,0.7,0.466,0.418,59,0,4,0,0.118,0.419,0.207
406,1.81,24.35,49.66,21.26,58,1.58,178,363,634,6,2.77,0.428,1.786,9.3,0,0.152,0.197,14.355,1.011,0.466,97,0,0,0,7.723,26.181,9.773
407,49.7,6.2,2.7,40.1,86,0.9,62,175,1082,28,1.03,1.321,0.163,0,7.6,0.41,0.24,7.4,1.009,0.42,59,0,15,0,0.729,0.344,1.438
408,66.76,24.38,7.56,0,17,0.99,24,217,337,83,3.87,0.103,0.035,13.7,0,0.07,0.27,8.03,1.16,0.39,11,1.27,0,103,3.04,2.84,0.55
409,66.1,27.7,4.65,0,6,0.91,28,234,389,68,3.04,0.129,0.03,11.2,0,0.06,0.32,9.93,0.99,0.31,16,1.17,0,103,1.84,1.73,0.35
410,67.01,28.07,3.39,0,6,0.9,28,236,393,68,3.08,0.13,0.031,11.9,0,0.06,0.33,10.08,1,0.31,16,1.18,0,103,1.22,1.19,0.29
411,65.32,31.89,2.63,0,6,1.39,38,277,323,88,3.29,0.112,0.017,21.6,0,0.093,0.47,10.1,0.65,0.761,8,2.72,0,72,1.012,1.274,0.127
412,60.73,24.8,12.32,0,19,0.87,25,212,325,93,3.03,0.11,0.029,11,0,0.05,0.28,8.86,1.2,0.34,15,1.24,0,103,5.26,4.78,0.81
413,64.59,26.32,6.94,0,21,0.85,26,222,340,96,3.24,0.117,0.03,11.6,0,0.06,0.3,9.46,1.27,0.37,16,1.31,0,106,2.58,2.49,0.57
414,59.91,23.96,13.96,0,11,0.97,22,197,295,92,4.09,0.099,0.03,10.5,0,0.05,0.27,6.98,1.28,0.25,13,1.46,0,110,5.41,5.44,0.95
415,64.64,25.76,7.44,0,12,0.96,24,207,311,97,4.49,0.106,0.032,11.1,0,0.06,0.29,7.5,1.38,0.27,14,1.58,0,115,2.08,2.66,0.67
416,64.68,25.46,8.25,0,26,1.15,26,221,348,90,4.18,0.141,0.03,11.1,0,0.06,0.32,8.02,1.16,0.29,17,1.53,0,108,3.51,3.2,0.54
417,66.47,26.13,5.81,0,27,1.16,27,226,356,91,4.32,0.146,0.03,11.3,0,0.07,0.33,8.24,1.19,0.3,17,1.57,0,109,2.31,2.16,0.43
418,62.96,25.72,10.57,0.15,24,1.59,33,242,235,111,4.71,0.142,0.013,17.4,0,0.103,0.445,4.94,1.097,0.41,6,3.44,0,78,3.715,4.778,0.556
419,66.44,27.33,5.53,0,21,1.65,34,253,245,113,5.07,0.15,0.009,18.4,0,0.11,0.48,5.14,1.18,0.435,7,3.66,0,77,2.092,2.677,0.315
420,65.54,25.15,8.67,0,28,1,24,212,306,100,5.58,0.138,0.03,10.6,0,0.07,0.35,5.73,1.38,0.24,11,2.01,0,117,3.46,3.24,0.64
421,66.9,25.64,6.88,0,28,1,24,215,310,102,5.72,0.141,0.03,10.7,0,0.07,0.36,5.82,1.41,0.24,11,2.06,0,119,2.57,2.47,0.56
422,65.31,25.32,8.42,0,27,1.03,25,215,322,96,5.12,0.139,0.03,10.7,0,0.07,0.34,6.33,1.3,0.26,12,1.82,0,113,3.4,3.16,0.61
423,66.66,25.81,6.62,0,27,1.03,25,218,327,97,5.25,0.142,0.03,10.9,0,0.07,0.34,6.44,1.32,0.26,13,1.86,0,114,2.5,2.4,0.53
424,62.66,25.14,10.45,0,13,0.92,26,223,351,83,3.35,0.129,0.029,11.1,0,0.06,0.35,8.87,1.26,0.32,15,1.42,0,102,4.51,4.08,0.68
425,65.74,26.32,6.22,0,14,0.91,27,231,365,85,3.54,0.136,0.03,11.5,0,0.06,0.37,9.33,1.32,0.34,16,1.49,0,104,2.41,2.28,0.48
