product_id,Water,Protein,Total lipid (fat),"Carbohydrate, by difference","Calcium, Ca","Iron, Fe","Magnesium, Mg","Phosphorus, P","Potassium, K","Sodium, Na","Zinc, Zn","Copper, Cu","Manganese, Mn","Selenium, Se","Vitamin C, total ascorbic acid",Thiamin,Riboflavin,Niacin,Pantothenic acid,Vitamin B-6,"Folate, total ",Vitamin B-12,"Vitamin A, RAE",Cholesterol,"Fatty acids, total saturated","Fatty acids, total monounsaturated","Fatty acids, total polyunsaturated"
1,94.79,1.21,0.32,3.11,16,0.37,18,38,261,8,0.32,0.053,0.177,0.2,17.9,0.045,0.094,0.451,0.204,0.163,24,0,10,0,0.084,0.011,0.091
2,90.32,1.83,0.22,6.97,37,1.03,25,38,211,6,0.24,0.069,0.216,0.6,12.2,0.082,0.104,0.734,0.225,0.141,33,0,35,0,0.05,0.01,0.113
3,94.39,1.2,0.2,3.23,77,0.31,13,29,238,9,0.23,0.036,0.19,0.6,27,0.04,0.05,0.4,0.105,0.232,79,0,16,0,0.043,0.023,0.072
4,88.29,0.93,0.24,9.58,33,0.3,12,35,320,69,0.24,0.045,0.143,0.1,5.9,0.066,0.058,0.983,0.273,0.138,19,0,835,0,0.032,0.012,0.102
5,89.3,2.82,0.37,6.64,47,0.73,21,66,316,33,0.41,0.049,0.21,2.5,89.2,0.071,0.117,0.639,0.573,0.175,63,0,31,0,0.114,0.031,0.112
6,91.4,2.86,0.39,3.63,99,2.71,79,49,558,79,0.53,0.13,0.897,1,28.1,0.078,0.189,0.724,0.065,0.195,194,0,469,0,0.063,0.01,0.165
7,92.18,1.28,0.1,5.8,40,0.47,12,26,170,18,0.18,0.019,0.16,0.3,36.6,0.061,0.04,0.234,0.212,0.124,43,0,5,0,0.034,0.017,0.017
8,92.66,1.8,0.2,3.74,51,1.8,81,46,379,213,0.36,0.179,0.366,0.9,30,0.04,0.09,0.4,0.172,0.099,14,0,306,0,0.03,0.04,0.07
9,81.83,0.52,0.15,16.23,417,1.8,55,7,127,14,0.15,0.138,0.094,0.4,4,0.029,0.039,0.162,0.041,0.055,7,0,2,0,0,0,0
10,91.69,2.46,0.33,4.02,215,2.32,55,50,611,20,0.9,0.162,0.885,0.9,43.3,0.027,0.158,0.658,0.064,0.192,85,0,146,0,0.091,0.076,0.147
11,86.67,0.27,0.13,12.76,5,0.07,4,11,90,0,0.05,0.031,0.038,0,4,0.019,0.028,0.091,0.071,0.037,0,0,2,0,0.021,0.005,0.037
12,72.48,5.33,0.29,20.23,10,2.57,51,174,922,22,0.28,0.171,0.36,0.7,1.1,0.17,0.073,1.65,0.599,0.26,14,0,0,0,0,0,0
13,84.94,3.27,0.15,10.51,44,1.28,60,90,370,94,0.49,0.231,0.256,0.2,11.7,0.072,0.066,1.046,0.338,0.116,68,0,1,0,0.036,0.005,0.064
14,93.22,2.2,0.12,3.88,24,2.14,14,52,202,2,0.54,0.189,0.158,2.3,5.6,0.143,0.141,0.978,0.274,0.091,52,0,38,0,0.04,0,0.05
15,89.25,5.3,0.69,3.29,84,2.04,85,99,608,11,0.3,0.201,0.536,0.9,88,0.181,0.362,1.11,0.063,0.803,128,0,87,0,0,0,0
16,94.03,1,0.17,3.7,19,0.43,17,31,296,5,0.8,0.034,0.089,0.2,84,0.04,0.04,0.4,0.212,0.043,72,0,24,0,0,0,0
17,91,2.6,0.3,5.2,13,0.5,3,59,533,4,1.1,0.19,0.262,0.8,4,0.15,0.07,0.6,0.161,0.24,7,0,1,0,0.069,0.007,0.134
18,10.09,9.91,1.16,77.72,29,2.5,79,221,280,9,2.13,0.42,1.322,37.7,0,0.191,0.114,4.604,0.282,0.26,23,0,1,0,0.244,0.149,0.56
19,13.44,19.87,0.53,62.9,66,4.98,127,381,1254,5,5.04,1.094,1.73,3.1,0,0.455,0.22,2.63,1.471,0.351,622,0,1,0,0.191,0.05,0.113
20,11,21.25,0.9,63.25,160,8.7,160,440,1500,9,2.2,1,1,3.2,0,0.9,0.193,1.955,0.899,0.286,444,0,0,0,0.232,0.078,0.387
21,11.02,21.6,1.42,62.36,123,5.02,171,352,1483,5,3.65,0.841,1.06,3.2,0,0.9,0.193,1.955,0.899,0.286,444,0,0,0,0.366,0.123,0.61
22,12.39,23.03,1.23,60.05,127,5,156,372,1332,6,3.63,0.794,0.92,12.7,0,0.747,0.213,1.455,0.748,0.309,604,0,0,0,0.316,0.106,0.527
23,10.77,18.81,2.02,64.11,186,3.4,188,304,1316,18,1.9,0.44,1.2,12.9,4.6,0.535,0.221,2.083,0.789,0.401,399,0,0,0,0.221,0.138,1.207
24,10.7,21.86,1.14,62.37,175,5.47,189,447,1387,14,2.31,0.837,1.423,12.9,5.3,0.653,0.237,1.955,1.098,0.447,482,0,0,0,0.356,0.053,0.477
25,11.75,23.58,0.83,60.01,143,8.2,140,407,1406,24,2.79,0.958,1.021,3.2,4.5,0.529,0.219,2.06,0.78,0.397,394,0,0,0,0.12,0.064,0.457
26,11.75,24.37,0.25,59.8,195,9.35,160,405,1490,11,2.55,1.1,1,3.2,4.5,0.529,0.219,2.06,0.78,0.397,394,0,0,0,0.036,0.019,0.138
27,90.7,4.2,0.5,4.1,17,0.81,21,37,187,6,0.4,0.159,0.182,0.6,38.7,0.37,0.25,2.92,0.368,0.085,59,0,0,0,0.072,0.039,0.276
28,11.75,22.53,1.06,61.29,83,6.69,138,406,1359,12,2.79,0.699,1.111,3.2,4.5,0.608,0.215,2.11,0.78,0.397,394,0,0,0,0.154,0.082,0.586
29,11.9,25.33,0.45,58.33,131,8.7,138,406,1346,13,2.66,1,1.109,3.2,4.5,0.39,0.24,2.106,0.779,0.396,393,0,0,0,0.065,0.035,0.249
30,12.1,22.33,1.5,60.75,147,5.49,175,407,1185,5,3.65,0.834,1.418,11,0,0.775,0.164,2.188,0.744,0.428,364,0,0,0,0.17,0.128,0.873
31,79.15,6.15,0.7,13.05,15,1.93,101,100,307,13,0.89,0.356,0.408,0.6,18.8,0.39,0.215,1.22,0.825,0.191,132,0,0,0,0.085,0.052,0.407
32,10.06,20.96,1.13,64.19,130,6.77,182,415,1464,8,2.55,0.81,1.376,13,0,0.772,0.192,1.892,0.997,0.527,463,0,0,0,0.292,0.098,0.487
33,11.33,21.42,1.23,62.55,113,5.07,176,411,1393,12,2.28,0.893,1.148,27.9,6.3,0.713,0.212,1.174,0.785,0.474,525,0,0,0,0.235,0.229,0.407
34,81.3,5.25,0.9,11.6,43,1.97,53,94,307,153,0.5,0.32,0.366,0.6,21.7,0.23,0.175,2.28,0.74,0.171,118,0,0,0,0.109,0.067,0.523
35,11.71,21.11,1.18,62.25,173,7.73,183,445,1542,12,2.81,0.635,1.278,12.8,0,0.743,0.207,1.342,0.729,0.439,386,0,0,0,0.304,0.102,0.507
36,90.27,1.82,0.12,7.13,37,1.04,25,38,209,6,0.24,0.069,0.214,0.6,16.3,0.084,0.105,0.752,0.094,0.074,37,0,0,0,0.026,0.005,0.059
37,11.32,23.36,0.85,60.27,240,10.44,190,301,1795,16,3.67,0.984,1.796,12.8,0,0.437,0.146,0.479,0.732,0.318,388,0,0,0,0.219,0.074,0.364
38,11.1,22,2.6,60.7,166,7.01,222,488,1042,12,2.83,0.639,1.286,12.8,0,0.69,0.33,2.43,0.734,0.442,389,0,0,0,0.671,0.226,1.118
39,91.02,2.2,0.13,4.33,117,2.57,70,41,762,226,0.38,0.191,0.391,0.9,30,0.1,0.22,0.4,0.25,0.106,15,0,316,0,0.02,0.026,0.046
40,87.58,1.61,0.17,9.56,16,0.8,23,40,325,78,0.35,0.075,0.329,0.7,4.9,0.031,0.04,0.334,0.155,0.067,109,0,2,0,0.027,0.032,0.06
41,93,1.8,0.7,3.06,93,3.3,52,53,470,80,0.2,0.13,0.349,0.9,35,0.06,0.15,0.9,0.041,0.084,13,0,210,0,0.17,0.211,0.109
42,10.98,26.12,1.53,58.29,103,6.7,192,421,1062,13,3.14,0.824,1.626,8.2,1.4,0.555,0.333,2.832,0.976,0.366,423,0,3,0,0.254,0.303,0.627
43,81,5.6,0.6,11.7,22,1.9,38,95,250,50,0.58,0.074,0.32,1.2,33,0.17,0.11,1.5,0.086,0.038,96,0,18,0,0.138,0.017,0.31
44,92.55,3.17,0.49,2.85,108,2.14,22,73,196,33,0.77,0.042,0.395,1,20.2,0.162,0.129,1.221,0.322,0.171,83,0,131,0,0.083,0.044,0.218
45,92.55,1.2,0.76,4.67,105,0.59,19,43,274,7,0.41,0.064,0,1.4,29.6,0.1,0.153,0.459,0,0.074,104,0,86,0,0.116,0.053,0.347
46,86,3.38,0.3,8.95,42,1.4,23,69,389,25,0.42,0.07,0.337,1.6,85,0.139,0.09,0.745,0.309,0.219,61,0,38,0,0.062,0.023,0.153
47,80.09,1.53,0.15,17.34,41,0.8,38,51,308,5,0.33,0.077,0.232,0.7,3,0.01,0.03,0.3,0.321,0.24,23,0,0,0,0.025,0.037,0.059
48,94.5,0.39,0.04,3.61,103,0.1,14,12,655,7,0.16,0.103,0.274,0.9,31.5,0.02,0.02,0.2,0.032,0.096,10,0,3,0,0,0,0
49,95.32,1.5,0.2,2.18,105,0.8,19,37,252,65,0.19,0.021,0.159,0.5,45,0.04,0.07,0.5,0.088,0.194,66,0,223,0,0.027,0.015,0.096
50,90.39,1.43,0.16,7.37,45,0.8,16,30,243,27,0.22,0.017,0.243,0.6,57,0.064,0.069,0.418,0.147,0.209,18,0,56,0,0.021,0.012,0.08
51,91,2,0.1,6.1,35,0.4,28,42,230,28,0.27,0.062,0.18,0.9,31,0.07,0.03,0.3,0.187,0.19,80,0,50,0,0.013,0.007,0.049
52,94,0.7,0.1,4.07,70,0.7,42,23,400,170,0.17,0.231,0.256,0.2,2,0.02,0.03,0.3,0.338,0.116,68,0,0,0,0.011,0.018,0.041
53,92.07,1.92,0.28,4.97,22,0.42,15,44,299,30,0.27,0.039,0.155,0.6,48.2,0.05,0.06,0.507,0.667,0.184,57,0,0,0,0.13,0.034,0.031
54,89.79,2.95,0.3,6.09,33,0.73,20,62,300,23,0.64,0.041,0.247,0.6,88.1,0.08,0.102,0.734,0.696,0.222,57,0,8,0,0.047,0.028,0.133
55,88,1.5,0.3,9.2,43,0.7,20,115,300,100,0.33,0.07,0.158,0.7,8,0.05,0.06,0.7,0.352,0.165,8,0,0,0,0.079,0.058,0.148
56,95.43,0.69,0.17,2.97,40,0.2,11,24,260,80,0.13,0.035,0.103,0.4,3.1,0.021,0.057,0.32,0.246,0.074,36,0,22,0,0.042,0.032,0.079
57,94.24,0.82,0.13,4.51,17,0.34,12,18,125,2,0.74,0.123,0.189,0.2,7.7,0.025,0.029,0.47,0.249,0.076,93,0,0,0,0.028,0.01,0.057
58,7.68,20.47,6.04,62.95,57,4.31,79,252,718,24,2.76,0.656,4.15,0,4,0.477,0.212,1.541,1.588,0.535,557,0,3,0,0.603,1.377,2.731
59,89.62,3.02,0.61,5.42,232,0.47,27,25,213,17,0.21,0.046,0.658,1.3,35.3,0.054,0.13,0.742,0.267,0.165,129,0,251,0,0.055,0.03,0.201
60,75.96,3.22,1.18,19.02,2,0.52,37,89,270,15,0.45,0.054,0.161,0.6,6.8,0.2,0.06,1.7,0.76,0.055,46,0,0,0,0.182,0.347,0.559
61,76.05,3.27,1.35,18.7,2,0.52,37,89,270,15,0.46,0.054,0.163,0.6,6.8,0.155,0.055,1.77,0.717,0.093,42,0,9,0,0.325,0.432,0.487
62,77.2,2.95,0.35,18.83,126,1.1,51,53,431,4,1.01,0.13,0.56,2.3,2.5,0.11,0.145,1.45,0.151,0.067,168,0,41,0,0.09,0.032,0.15
63,11.05,23.85,2.07,59.64,85,9.95,333,438,1375,58,6.11,1.059,1.544,9.1,1.5,0.68,0.17,2.795,1.511,0.361,639,0,2,0,0.542,0.173,0.889
64,11.95,23.52,1.26,60.03,110,8.27,184,424,1112,16,3.37,0.845,1.528,9,1.5,0.853,0.226,2.075,1.496,0.357,633,0,3,0,0.331,0.106,0.542
65,89.78,4.1,0.25,4.82,63,1.92,43,9,455,7,0.29,0.191,0.509,0.9,36,0.354,0.175,1.12,0.06,0.177,101,0,36,0,0.066,0.022,0.106
66,86,3.3,0.3,9.5,65,1,58,65,215,4,0.34,0.1,0.308,0.9,33,0.15,0.14,1.2,0.945,0.173,53,0,68,0,0.079,0.027,0.127
67,89.4,2.6,0.7,5.5,81,1.3,38,76,606,14,0.23,0.17,0.553,0.9,69,0.08,0.26,1,0.242,0.247,80,0,346,0,0.023,0.239,0.228
68,85.6,2.7,0.7,9.2,187,3.1,36,66,397,76,0.41,0.171,0.342,0.5,35,0.19,0.26,0.806,0.084,0.251,27,0,508,0,0.17,0.014,0.306
69,93,2,0.7,3.2,44,2.4,103,63,390,4,0.2,0.131,0.349,0.9,48,0.04,0.1,0.5,0.041,0.122,13,0,200,0,0,0,0
70,78.66,9.4,1.4,8.28,185,4,42,112,337,9,0.6,0.105,1.063,0.9,51.7,0.257,0.66,2.22,0.125,1.2,40,0,378,0,0,0,0
71,88.2,2.1,0.2,8.53,30,0.36,45,50,461,42,0.45,0.084,0.259,0.7,141,0.053,0.074,0.62,0.794,0.12,44,0,4,0,0.033,0.102,0.003
72,93.85,1.2,0.2,4.35,20,0.36,14,32,139,3,0.07,0.035,0.092,0.2,12,0.05,0.06,0.4,0.218,0.043,7,0,0,0,0.016,0.037,0.087
73,95.54,0.62,0.02,3.39,26,0.2,11,13,150,2,0.7,0.026,0.066,0.2,10.1,0.029,0.022,0.32,0.152,0.04,6,0,0,0,0.002,0.004,0.009
74,80.8,2.55,0.95,14.32,18,0.26,22,40,417,2,0.23,0.23,0.15,0.6,228.3,0.067,0.04,1.084,0.451,0.11,49,0,31,0,0.272,0.087,0.401
75,9.38,23.9,1.69,60.74,130,5.1,283,372,1235,21,9.3,1.335,1.573,8.2,0,1.13,0.136,1.61,1.237,0.155,23,0,0,0,0.288,0.076,0.715
76,87.87,2.1,0.2,9.19,50,0.74,40,49,252,2,0.37,0.047,0.205,1.5,12.9,0.077,0.092,0.52,0.055,0.024,62,0,43,0,0.088,0.095,0.008
77,87.72,4.65,0.25,5.8,208,4.76,64,83,559,8,0.79,0.255,0.123,0.9,37,0.133,0.546,1.26,0.072,0.6,123,0,278,0,0.038,0.017,0.12
78,89.63,2.92,1.49,4.42,254,1.6,33,55,348,53,0.39,0.053,0.92,0.9,93.4,0.113,0.347,1.18,0.37,0.147,62,0,241,0,0.178,0.104,0.673
79,91,1.7,0.1,6.2,24,0.4,19,46,350,20,0.03,0.129,0.139,0.7,62,0.05,0.02,0.4,0.165,0.15,16,0,2,0,0.013,0.007,0.048
80,83,1.5,0.3,14.15,59,2.1,28,35,180,20,0.12,0.12,0.481,1,12,0.06,0.03,0.4,0.14,0.233,64,0,83,0,0.04,0.004,0.166
81,8.26,24.63,1.06,63.35,35,6.51,47,281,677,6,3.27,0.754,1.393,0.1,4.5,0.873,0.211,2.605,2.14,0.54,479,0,2,0,0.154,0.193,0.526
82,67.34,8.96,0.55,22.14,25,3.21,37,173,322,11,1.51,0.352,0.506,0.6,16.5,0.228,0.128,1.128,0.578,0.19,100,0,2,0,0.057,0.104,0.219
83,70.24,6.84,0.86,20.17,34,3.14,58,136,467,8,0.78,0.318,1.215,1.8,23.4,0.217,0.103,1.474,0.247,0.204,34,0,10,0,0.198,0.05,0.419
84,10.17,21.46,0.69,63.38,81,7.51,224,385,1724,18,2.83,0.74,1.672,7.2,0,0.507,0.202,1.537,1.355,0.512,395,0,0,0,0.161,0.062,0.309
85,12.07,20.62,0.93,62.83,81,6.19,188,370,1403,13,2.6,0.665,1.686,7,0,0.574,0.218,1.712,1.265,0.327,400,0,0,0,0.219,0.084,0.42
86,79.1,2.6,0.1,17.23,45,1.16,23,100,556,40,0.39,0.257,0.261,0.7,44,0.16,0.22,0.4,0.377,0.258,13,0,0,0,0.03,0.02,0.02
87,10.44,36.17,9.74,40.37,176,4.36,198,440,1013,15,4.75,1.022,2.382,8.2,4.8,0.64,0.22,2.19,0.75,0.357,355,0,0,0,1.156,3.94,2.439
88,8.67,11.02,4.22,72.85,8,3.01,114,285,195,5,1.68,0.75,1.632,2.7,0,0.421,0.29,4.72,0.848,0.384,85,0,0,0,0.723,0.773,2.134
89,9.68,22.94,1.61,61.52,150,10.85,381,489,1191,30,1.92,0.688,1.82,8.2,4,0.562,0.091,2.8,1.535,0.366,649,0,2,0,0.364,0.129,0.75
90,81.44,1.34,0.1,16.3,26,0.44,12,34,418,13,0.27,0.11,0.242,0.7,2.6,0.102,0.019,0.481,0.433,0.179,14,0,0,0,0.022,0.004,0.045
91,9.05,23.86,1.15,62.62,132,6.74,189,367,1246,15,2.68,0.941,1.035,8.2,4.8,0.621,0.233,2.251,1.91,0.382,625,0,6,0,0.348,0.161,0.384
92,90.4,3.04,0.18,5.94,13,0.91,21,54,149,6,0.41,0.164,0.188,0.6,13.2,0.084,0.124,0.749,0.38,0.088,61,0,1,0,0.046,0.022,0.058
93,10.8,25.21,1.64,58.99,138,7.57,267,379,983,38,3.35,0.981,1.527,8.2,0,0.273,0.254,1.447,0.906,0.281,216,0,1,0,0.114,0.085,1.071
94,89.74,2.24,0.49,6.79,2,0.41,20,112,304,9,1.03,0.142,0.23,5.7,0,0.015,0.217,3.877,1.5,0.293,13,0,0,0,0,0,0
95,92.45,3.09,0.34,3.26,3,0.5,9,86,318,5,0.52,0.318,0.047,9.3,2.1,0.081,0.402,3.607,1.497,0.104,17,0.04,0,0,0.05,0,0.16
96,90.7,2.86,0.42,4.67,115,1.64,32,58,384,20,0.25,0.165,0,0.9,70,0.08,0.11,0.8,0.21,0.18,12,0,151,0,0.01,0.092,0.038
97,92.2,2.2,0.3,3.9,210,1.5,11,28,449,21,0.17,0.075,0.407,0.8,130,0.068,0.093,0.678,0.178,0.153,159,0,495,0,0.015,0.138,0.057
98,94,1.5,0.2,2.5,58,0.8,39,28,130,130,0.38,0.093,0.639,0.7,30,0.04,0.13,0.5,0.312,0.304,15,0,0,0,0.032,0.005,0.084
99,6.88,14.38,0.71,74.62,35,2.7,95,254,252,792,1.71,0.23,1.291,0,0,0.48,0.13,3.21,0.954,0.24,60,0,0,0,0.136,0.185,0.22
100,9.21,11.35,0.81,74.1,23,1.32,28,80,164,1840,0.45,0.144,0.479,8.3,0,0.101,0.026,0.875,0.491,0.05,14,0,0,0,0.115,0.095,0.33
101,94.12,1.32,0.09,3.33,164,0.59,52,16,257,21,0.25,0.052,0.457,0.7,9.3,0.012,0.041,0.41,0.167,0.07,3,0,23,0,0.016,0.018,0.05
102,43.95,4.2,1.11,49.07,18,1.41,84,96,447,3,0.87,0.363,1.601,0,36,0.16,0.18,0.8,0.555,0.41,68,0,10,0,0.164,0.581,0.288
103,52,1.63,1.25,44.17,19,0.94,30,38,484,2,0.49,0.418,0.336,0,40.2,0.144,0.016,1.102,0.476,0.352,58,0,1,0,0.235,0.43,0.493
104,61.41,2.25,0.53,34.91,31,1.45,49,72,329,14,1.1,0.562,1.591,0,26.3,0.344,0.163,1.5,0.206,0.283,47,0,2,0,0.078,0.278,0.138
105,6.55,17.3,7.03,66.22,58,5.41,235,734,566,4,3.11,0.403,5.63,45.2,0,1.17,0.22,0.934,1.494,0.165,52,0,0,0,1.328,2.376,2.766
106,89.58,1.93,0.19,7.45,82,0.62,57,61,299,7,0.58,0.109,0.788,0.7,23,0.2,0.06,1,0.245,0.215,60,0,36,0,0.026,0.017,0.027
107,89.11,1.1,0.1,9.34,23,0.21,10,29,146,4,0.17,0.039,0.129,0.5,7.4,0.046,0.027,0.116,0.123,0.12,19,0,0,0,0.042,0.013,0.017
108,79.53,1.2,0.3,17.99,36,0.59,29,71,375,10,0.59,0.12,0.56,1.8,17,0.09,0.05,0.7,0.6,0.09,67,0,0,0,0.05,0.112,0.047
109,9.9,13.04,1.51,74.67,21,3.3,53,189,223,6,1.41,0.289,0.917,63.2,0,0.891,0.4,7.177,0.431,0.142,237,0,0,0,0.277,0.171,0.564
110,9.9,13.04,1.51,74.67,21,1.3,53,189,223,6,1.41,0.289,0.917,63.2,0,0.09,0.06,1.7,0.431,0.142,18,0,0,0,0.277,0.171,0.564
111,31,11.31,2.3,54.73,15,3.35,46,163,179,26,1.22,0.228,0.547,0,0,0.705,0.439,3.35,0.535,0.093,176,0.31,14,73,0.328,0.271,0.942
112,30.1,11.26,2.1,55.72,43,3.3,63,148,272,27,1.4,0.197,0.781,0,0,0.609,0.398,3.46,0.688,0.315,177,0.31,25,73,0.483,0.659,0.467
113,10,7.46,2.08,79.26,4,0.93,119,253,294,3,1.79,0.202,0.483,7.9,0,0.231,0.087,2.43,0.484,0.206,25,0,9,0,0.29,0.543,0.924
114,8.85,13.51,2.68,73.1,27,3.33,104,287,366,11,2.4,0.426,2.242,69.4,0,0.371,0.193,7.948,0.8,0.28,59,0,0,0,0.351,0.281,0.928
115,88.89,2.8,0.2,7.55,43,2.08,24,53,200,4,0.27,0.079,0.244,0.7,60,0.15,0.08,0.6,0.75,0.16,42,0,54,0,0.039,0.021,0.089
116,78.86,5.42,0.4,14.45,25,1.47,33,108,244,5,1.24,0.176,0.41,1.8,40,0.266,0.132,2.09,0.104,0.169,65,0,38,0,0.071,0.035,0.187
117,62.27,8.8,0.68,27.11,36,2.26,56,165,381,20,1.05,0.272,0.438,0.6,10.4,0.225,0.155,3.088,1.029,0.265,144,0,0,0,0.124,0.061,0.326
118,8.69,23.12,3.89,61.63,46,4.73,63,334,852,5,3.49,0.809,1.19,10.7,1.8,0.719,0.244,3.608,0.962,0.14,15,0,7,0,0.408,0.615,1.022
119,93.89,0.86,0.17,4.64,10,0.34,10,20,175,3,0.13,0.066,0.122,0,80.4,0.057,0.028,0.48,0.099,0.224,10,0,18,0,0.058,0.008,0.062
120,92.21,0.99,0.3,6.03,7,0.43,12,26,211,4,0.25,0.017,0.112,0.1,127.7,0.054,0.085,0.979,0.317,0.291,46,0,157,0,0.059,0.007,0.156
121,10.59,21.7,1.49,62.78,130,5.23,183,367,1392,17,2.76,1.057,1.791,8.2,0,0.643,0.187,2.965,1.266,0.283,456,0,1,0,0.33,0.012,0.814
122,65.88,7.2,1.64,23.88,42,1.6,68,127,552,5,1.04,0.134,0.574,1.5,39,0.4,0.17,2.2,0.68,0.068,173,0,3,0,0.354,0.013,0.873
123,61.1,1.25,0.07,36.66,2,0.75,41,31,431,2,0.18,0.116,0.109,0,20.2,0.1,0.1,0.55,0.53,0.07,28,0,0,0,0.121,0.019,0.031
124,91.6,2.6,0.4,3.7,53,1.7,18,44,242,23,0.24,0.157,0.418,0.9,136,0.08,0.33,1.2,0.049,0.146,16,0,435,0,0,0,0
125,79.25,2.05,0.09,17.49,12,0.81,23,57,425,6,0.3,0.11,0.153,0.4,19.7,0.081,0.032,1.061,0.295,0.298,15,0,0,0,0.025,0.002,0.042
126,83.29,2.57,0.1,12.44,30,3.24,23,38,413,10,0.35,0.423,0.602,0.3,11.4,0.021,0.038,1.033,0.302,0.239,17,0,0,0,0.026,0.002,0.043
127,60.69,2.62,0.36,35.67,130,1.27,63,31,156,5,0.37,0.053,0.266,14.7,5.5,0.178,0.09,1.071,0,0.47,10,0,0,0,0,0,0
128,95.15,1.03,0.07,3.28,39,0.7,24,49,173,5,0,0,0,0.7,28,0.042,0.075,0.69,0,0,59,0,97,0,0.036,0.009,0.004
129,92.88,3.15,0.4,2.33,39,2.22,38,104,436,11,0.2,0.133,0.355,0.9,11,0.094,0.128,0.92,0.042,0.207,36,0,97,0,0.207,0.052,0.022
130,91.6,1,0.1,6.5,21,0.8,12,44,340,1,0.32,0.127,0.125,0.3,9,0.05,0.11,0.6,0.298,0.061,16,0,426,0,0.052,0.013,0.005
131,92.86,2.03,0.36,3.39,65,1.99,68,44,494,45,0.17,0.113,0.303,0.9,21,0.047,0.112,0.48,0.036,0.073,12,0,0,0,0,0,0
132,13.28,14.12,6.07,64.16,47,4.57,197,457,563,5,3.1,0.59,2.033,8.5,0,0.36,0.318,1.52,0.772,0.487,184,0,1,0,0.706,1.613,3.292
133,94.62,0.6,0.1,4.1,27,0.4,16,23,227,21,0.15,0.115,0.038,0.7,22,0.02,0.02,0.2,0.138,0.046,28,0,0,0,0.03,0.017,0.045
134,11.91,5.95,0.56,80.18,18,0.7,12,153,30,182,0.74,0.078,0.498,15.1,0,0.031,0.017,0.221,0.051,0.015,3,0,0,0,0.153,0.175,0.15
135,11.8,7.54,3.2,76.25,9,1.29,116,311,250,5,2.13,0.302,2.853,17.1,0,0.541,0.095,6.494,1.065,0.477,23,0,0,0,0.591,1.054,1
136,12.37,7.5,2.68,76.17,33,1.8,143,264,268,4,2.02,0.277,3.743,0,0,0.413,0.043,4.308,1.493,0.509,20,0,0,0,0.536,0.971,0.959
137,9.82,7.6,2.75,78.68,8,1.16,98,275,219,6,1.96,0.327,2.975,25.2,0,0.277,0.092,4.973,0.895,0.407,14,0,0,0,0.481,1.024,0.841
138,89.43,1.08,0.16,8.62,43,0.44,20,53,305,12,0.24,0.032,0.131,0.7,25,0.09,0.04,0.7,0.16,0.1,21,0,0,0,0.027,0.025,0.088
139,77,3.3,0.2,18.6,60,0.7,23,75,380,20,0.38,0.089,0.268,0.8,8,0.08,0.22,0.5,0.371,0.277,26,0,0,0,0,0,0
140,56.27,7.4,5.59,29.24,36,3.67,54,175,941,25,0.9,1.148,0.142,0,6.6,0.482,0.301,0.438,0.877,0.32,53,0,13,0,1.509,0.712,2.977
141,91.58,1.28,0.04,6.73,19,0.84,12,30,184,15,0,0,0,0.9,73,0.083,0.081,0.43,0,0,102,0,0,0,0,0,0
142,67.5,12.95,6.8,11.05,197,3.55,65,194,620,15,0.99,0.128,0.547,1.5,29,0.435,0.175,1.65,0.147,0.065,165,0,9,0,0.786,1.284,3.2
143,8.54,36.49,19.94,30.16,277,15.7,280,704,1797,2,4.89,1.658,2.517,17.8,6,0.874,0.87,1.623,0.793,0.377,375,0,1,0,2.884,4.404,11.255
144,69.05,13.09,6.7,9.57,67,2.1,72,164,484,14,1.17,0.427,0.702,0.6,15.3,0.34,0.118,1.148,0.929,0.176,172,0,1,0,0.929,1.518,3.783
145,9.23,21.78,2.23,65.65,39,4.15,65,163,201,8,1.79,0.278,0.91,0,0,1.187,0.475,7.654,0.684,0.178,278,0,0,0,0.328,0.271,0.986
146,8.34,13.35,1.57,74.81,58,2.13,174,332,376,36,2.76,0.499,2.645,63.5,0,0.373,0.196,4.55,1.214,0.323,48,0,23,0,0.226,0.181,0.641
147,11.02,14.57,2.43,70.19,27,4.44,136,401,388,8,3.28,0.511,2.983,11.7,0,0.364,0.113,6.843,1.068,0.23,45,0,0,0,0.406,0.445,1.258
148,93.35,0.52,0.2,5.64,9,0.17,10,12,205,20,0.07,0.017,0.027,0,4.5,0.02,0.02,0.17,0.11,0.058,22,0,0,0,0,0,0
149,94.64,1.21,0.18,3.35,15,0.35,17,38,262,2,0.29,0.051,0.175,0.2,17,0.048,0.142,0.487,0.155,0.218,29,0,10,0,0.044,0.016,0.089
150,94.28,1.01,0.27,3.88,21,0.44,20,32,222,2,0.29,0.092,0.172,0.2,19.3,0.051,0.041,0.448,0.16,0.104,19,0,8,0,0.093,0.013,0.082
151,94.18,1.2,0.2,3.84,19,0.4,23,36,182,1,0.29,0.102,0.157,0.2,18,0.07,0.03,0.6,0.102,0.109,30,0,11,0,0.041,0.015,0.084
152,87.78,0.8,0.1,10.42,33,0.7,32,36,347,3,0.13,0.065,0.167,0.5,11,0.14,0.01,0.7,0.4,0.154,17,0,18,0,0.021,0.007,0.042
153,89.76,0.95,0.13,8.59,28,0.58,14,23,350,4,0.21,0.071,0.163,0.4,12.3,0.03,0.062,0.5,0.188,0.156,24,0,68,0,0.027,0.01,0.056
154,86.41,1,0.1,11.69,48,0.7,34,33,352,4,0.15,0.072,0.202,0.5,21,0.1,0.02,1.2,0.4,0.154,27,0,532,0,0.021,0.007,0.042
155,88,2,0.5,8.7,14,0.4,19,21,320,7,0.13,0.064,0.179,0.5,11,0.07,0.04,0.5,0.4,0.154,16,0,68,0,0.103,0.037,0.21
156,91.6,0.64,0.57,6.91,23,0.31,12,12,108,17,0.19,0.037,0.125,0.3,2.1,0.037,0.018,0.95,0.36,0.101,12,0,6,0,0.117,0.042,0.239
157,73.1,5.03,1.02,19.59,18,1.83,48,113,369,4,0.61,0.186,0.688,0.6,15.1,0.208,0.082,1.587,0.128,0.13,40,0,15,0,0.19,0.198,0.489
158,86.81,2.49,0.51,8.82,78,0.97,70,81,508,6,0,0,0,0.9,11,0.156,0.345,1.13,0.225,0.19,0,0,189,0,0.111,0.02,0.228
159,77.28,1.57,0.05,20.12,30,0.61,25,47,337,55,0.3,0.151,0.258,0.6,2.4,0.078,0.061,0.557,0.8,0.209,11,0,709,0,0.018,0.001,0.014
160,85.66,4.98,0.74,6.7,107,2.25,45,60,648,3,0.41,0.27,0.714,0.9,52,0.209,0.456,1.513,0.084,0.146,126,0,241,0,0.151,0.06,0.307
161,95.82,0.92,0.09,2.32,12,0.6,8,28,332,1,0.51,0.088,0.122,0.9,21,0.04,0.05,0.8,0.075,0.111,3,0,3,0,0.018,0.007,0.037
162,70.64,1.5,0.2,26.46,43,0.55,33,84,591,11,0.23,0.172,0.383,0.7,4.5,0.095,0.025,0.6,0.303,0.283,22,0,4,0,0.041,0.016,0.083
163,87.96,2.79,0.97,6.91,129,1.3,47,45,606,50,0.09,0.071,0.157,0.7,96,0.062,0.244,0.995,0.124,0.116,9,0,102,0,0.197,0.078,0.4
164,8.82,13.3,2.38,73.13,180,7.63,184,429,427,12,3.63,0.81,9.24,4.4,0,0.39,0.27,3.363,0.942,0.482,0,0,0,0,0.449,0.589,1.071
165,59.65,20.29,10.8,7.64,111,2.7,81,266,412,9,1.14,0.56,1.3,0,0,0.078,0.358,2.64,0.278,0.215,24,0.08,0,0,2.539,3.205,4.3
166,94.52,0.88,0.2,3.89,10,0.27,11,24,237,5,0.17,0.059,0.114,0,13.7,0.037,0.019,0.594,0.089,0.08,15,0,42,0,0.028,0.031,0.083
167,89.67,1.5,0.3,7.13,190,1.1,31,42,296,40,0.19,0.35,0.466,1.2,60,0.07,0.1,0.6,0.38,0.263,194,0,579,0,0.07,0.02,0.12
168,91.87,0.9,0.1,6.43,30,0.3,11,27,191,67,0.27,0.085,0.134,0.7,21,0.04,0.03,0.4,0.2,0.09,15,0,0,0,0.011,0.006,0.053
169,92.47,2.6,0.2,3.13,77,1.67,71,39,312,113,0.18,0.023,0.16,0.9,55,0.03,0.1,0.9,0.141,0.096,57,0,315,0,0,0,0
170,96.1,0.4,0.2,3,19,0.4,10,19,6,111,0.61,0.023,0.058,0.2,13,0.04,0.11,0.4,0.133,0.035,5,0,0,0,0.016,0.037,0.087
171,11.07,14.54,2.13,70.58,22,3.77,130,364,403,5,3.68,0.506,2.735,81.5,0,0.566,0.184,6.375,0.949,0.259,0,0,1,0,0.196,0.213,0.621
172,7.76,14.73,1.08,74.9,21,1.96,177,433,427,7,5.96,0.524,1.329,2.8,0,0.115,0.262,6.733,1.074,0.391,95,0,1,0,0.156,0.159,0.676
173,87.04,6.95,0.87,4.31,84,1.5,34,37,223,4,0.39,0.051,0.218,1.5,18.3,0.14,0.1,0.9,0.059,0.113,66,0,0,0,0.238,0.25,0.186
174,8.34,29.65,16.32,41.71,440,13.44,179,451,977,38,4.48,2.88,3.721,8.2,0,1.03,0.45,3.09,0.795,0.175,45,0,0,0,2.303,6.012,4.33
175,69.6,1.53,0.17,27.88,17,0.54,21,55,816,9,0.24,0.178,0.397,0.7,17.1,0.112,0.032,0.552,0.314,0.293,23,0,7,0,0.037,0.006,0.076
176,90.07,0.72,0.09,8.82,12,0.6,12,18,150,4,0.16,0.048,0.06,0.7,20.2,0.02,0.029,0.2,0.135,0.042,12,0,1,0,0.021,0.005,0.043
177,87.85,2.8,0.4,8.35,50,0.47,44,59,240,4,0.37,0.048,0.205,1.5,18.8,0.107,0.11,0.41,0.055,0.024,62,0,43,0,0.105,0.036,0.169
178,8.43,24.33,1.31,61.91,138,8.61,338,559,1157,17,3.5,0.879,1.59,8.2,1.6,0.887,0.235,2.158,1.556,0.371,658,0,3,0,0.339,0.114,0.565
179,70.08,20.64,8.55,0,25,1.49,21,189,317,52,3.58,0.07,0.011,23.1,0,0.064,0.1,6.087,0.594,0.563,11,1.06,0,66,3.14,4.246,0.394
180,69.37,20.64,9.51,0,25,1.47,21,183,313,51,3.61,0.067,0.013,22.1,0,0.055,0.087,6.658,0.603,0.556,11,1.15,0,68,3.493,4.724,0.438
181,70.73,20.64,7.68,0,24,1.51,21,194,321,53,3.54,0.073,0.01,24.1,0,0.074,0.112,5.516,0.585,0.57,11,0.98,0,65,2.822,3.816,0.354
182,71.33,21.17,7.06,0,27,1.54,22,193,323,54,3.92,0.069,0.013,24.1,0,0.059,0.104,7.17,0.63,0.581,13,1.15,0,64,2.132,3.045,0.288
183,73.48,21.34,4.21,0,22,1.55,23,204,344,54,3.85,0.074,0.011,29.7,0,0.072,0.115,6.201,0.627,0.602,12,0.9,0,59,1.5,2.144,0.203
184,68.26,19.14,12.02,0,17,2.08,19,186,310,80,7.54,0.059,0.009,20,0,0.061,0.141,4.323,0.553,0.365,3,2.69,4,67,5.072,5.908,0.527
185,69.61,19.25,10.67,0,18,2.12,19,187,367,82,7.66,0.066,0.01,22.4,0,0.07,0.155,4.56,0.675,0.414,3,2.78,4,73,4.998,5.732,0.525
186,72.48,20.61,6.01,0,18,2.18,21,204,357,85,8.21,0.065,0.011,22.5,0,0.065,0.16,4.593,0.655,0.403,3,2.95,2,69,2.55,3.11,0.31
187,72.16,20.67,6.21,0,17,2.18,21,201,332,85,8.25,0.063,0.011,21.8,0,0.06,0.157,4.593,0.59,0.383,3,2.91,2,67,2.354,2.938,0.299
188,72.96,20.52,5.71,0,19,2.21,21,200,393,86,8.29,0.071,0.011,24.3,0,0.07,0.17,4.83,0.72,0.435,3,2.98,2,74,1.61,3.67,0.37
189,64.48,18.86,16.35,0,14,2.1,19,179,329,66,7.26,0.064,0.009,19.8,0,0.074,0.144,4.351,0.649,0.362,3,2.7,4,68,6.963,7.739,0.666
190,63.98,18.86,16.85,0,14,2.1,19,179,330,66,7.3,0.065,0.008,19.9,0,0.07,0.141,4.34,0.642,0.326,3,2.74,4,68,7.176,7.978,0.65
191,65.24,18.86,15.6,0,14,2.14,20,184,342,68,7.36,0.062,0.009,19.7,0,0.078,0.143,4.377,0.656,0.405,3,2.64,4,68,6.644,7.381,0.689
192,70.25,21.29,7.56,0,15,2.28,22,202,371,70,8.39,0.072,0.01,22.8,0,0.075,0.17,4.827,0.73,0.392,3,3.07,2,67,3.267,3.71,0.372
193,69.48,21.31,8.29,0,15,2.27,22,201,371,70,8.41,0.074,0.01,22.9,0,0.07,0.167,4.803,0.72,0.346,3,3.1,2,66,3.605,4.088,0.359
194,71.41,21.28,6.47,0,15,2.33,23,209,388,73,8.54,0.07,0.011,22.8,0,0.08,0.17,4.87,0.74,0.446,3,3,2,69,2.759,3.143,0.392
195,73.3,21.13,4.79,0,11,2.43,25,223,343,80,7.93,0.087,0.012,24.1,0,0.08,0.214,3.587,0.858,0.413,3,3.11,3,67,2.059,2.457,0.377
196,72.83,21.19,5.18,0,11,2.5,26,229,347,82,8,0.089,0.013,24.1,0,0.08,0.215,3.513,0.814,0.407,3,3.19,3,67,2.114,2.576,0.365
197,74.01,21.05,4.2,0,11,2.25,24,215,341,76,7.85,0.083,0.012,24.9,0,0.08,0.217,3.72,0.902,0.445,3,2.99,3,68,1.976,2.279,0.396
198,73.71,21.3,4.17,0,11,2.44,25,225,346,81,8,0.088,0.012,24.3,0,0.08,0.217,3.603,0.865,0.416,3,3.13,2,67,1.7,2.1,0.35
199,73.2,21.36,4.6,0,11,2.51,26,230,349,83,8.06,0.09,0.013,24.3,0,0.08,0.217,3.527,0.82,0.409,3,3.22,2,67,1.884,2.328,0.348
200,74.46,21.22,3.53,0,11,2.26,24,216,344,76,7.93,0.084,0.012,25.2,0,0.08,0.22,3.74,0.91,0.448,3,3.02,2,68,1.47,1.7,0.32
201,72.8,20.54,6.22,0,5,1.95,23,196,327,58,3.72,0.131,0.016,33.3,0,0.087,0.269,4.51,0.799,0.503,7,3.97,0,57,2.088,2.136,0.34
202,72.87,20.51,6.36,0,5,2.01,23,200,339,59,3.98,0.131,0.014,30.8,0,0.085,0.235,4.58,0.779,0.516,7,3.98,0,56,2.328,2.43,0.326
203,72.79,20.93,5.79,0,5,2.39,25,219,366,60,4.38,0.13,0.018,31.8,0,0.089,0.269,5.57,0.921,0.519,7,5.09,0,58,1.988,1.979,0.337
204,72.51,20.67,5.88,0,4,2.31,24,215,355,60,5.49,0.094,0.014,30.4,0,0.079,0.238,5.193,0.775,0.656,7,3.93,0,57,1.985,2.937,0.397
205,72.49,20.39,6.12,0,4,2.14,24,212,347,61,5.24,0.088,0.011,29.7,0,0.072,0.23,5.13,0.731,0.673,7,3.56,0,57,2.083,3.439,0.554
206,72.54,21.13,5.51,0,4,2.64,25,221,370,58,5.99,0.107,0.02,32,0,0.093,0.253,5.32,0.861,0.622,7,4.68,0,58,1.791,1.933,0.341
207,70.46,18.99,10.52,0,6,2.36,21,184,309,74,6.88,0.119,0.016,29.8,0,0.099,0.227,3.42,0.952,0.37,3,5.05,0,66,3.945,4.144,0.475
208,70,18.75,11.33,0,5,2.23,20,178,302,74,6.58,0.121,0.015,28.9,0,0.079,0.211,3.38,0.933,0.375,3,4.96,0,65,4.186,4.408,0.463
209,71.19,19.38,9.22,0,6,2.62,23,198,324,75,7.47,0.116,0.017,31.5,0,0.14,0.258,3.5,0.99,0.358,3,5.23,0,66,3.464,3.616,0.498
210,68.11,18.99,11.64,0.36,11,2.38,20,178,315,76,7.4,0.075,0.014,21.2,0,0.08,0.191,3.252,0.786,0.399,3,3.03,4,69,4.831,5.643,0.579
211,67.31,18.85,12.4,0.53,11,2.37,20,177,312,75,7.32,0.075,0.014,21.5,0,0.08,0.195,3.316,0.853,0.402,3,2.9,4,70,5.137,6.04,0.617
212,69.3,19.2,10.5,0.09,11,2.38,20,181,320,76,7.51,0.076,0.014,20.8,0,0.079,0.183,3.292,0.72,0.421,3,3.22,4,68,4.37,5.047,0.522
213,69.19,19.42,9.99,0.49,11,2.42,20,181,321,77,7.58,0.077,0.014,21.7,0,0.08,0.197,3.287,0.805,0.405,3,3.1,2,69,4.132,4.889,0.526
214,68.24,19.23,10.96,0.67,12,2.4,20,180,317,76,7.47,0.076,0.014,22,0,0.08,0.2,3.347,0.87,0.407,3,2.95,2,70,4.588,5.45,0.576
215,70.62,19.71,8.54,0.21,11,2.43,20,186,329,77,7.76,0.078,0.014,21.5,0,0.08,0.19,3.34,0.74,0.43,3,3.32,2,68,3.449,4.048,0.452
216,70.73,21.22,7.17,0,25,1.55,22,195,328,54,3.7,0.072,0.012,23.9,0,0.066,0.102,6.257,0.61,0.579,11,1.09,0,65,2.978,2.924,0.277
217,69.46,21.22,8.29,0,27,1.55,22,193,330,54,3.81,0.071,0.013,23.3,0,0.056,0.09,6.842,0.619,0.571,12,1.18,0,68,3.443,3.38,0.335
218,71.99,21.22,6.06,0,24,1.54,22,197,326,54,3.6,0.074,0.01,24.5,0,0.076,0.115,5.671,0.601,0.586,11,1.01,0,62,2.514,2.469,0.234
219,72.08,21.57,5.47,0,24,1.57,23,202,340,55,3.94,0.073,0.013,26.4,0,0.066,0.108,6.683,0.638,0.604,13,1.06,0,62,2.058,1.951,0.193
220,68.72,21.72,6.29,0,28,1.62,23,204,340,57,4.12,0.072,0.014,25.4,0,0.06,0.106,7.353,0.647,0.596,13,1.18,0,69,2.612,2.477,0.259
221,72.84,21.43,5,0,21,1.54,22,202,341,53,3.83,0.073,0.011,29.5,0,0.072,0.115,6.227,0.63,0.605,13,0.91,0,60,2.074,1.967,0.195
222,54.3,14.35,30,0,24,1.64,14,132,218,66,3.57,0.05,0.009,13.5,0,0.044,0.151,3.382,0.395,0.278,9,2.07,4,78,11.754,14.171,0.697
223,54.3,14.35,30,0,24,1.64,14,132,218,66,3.57,0.05,0.009,13.5,0,0.044,0.151,3.382,0.395,0.278,9,2.07,4,78,11.754,14.171,0.697
224,58.09,15.76,25,0,21,1.79,15,145,244,66,3.87,0.056,0.009,14.3,0,0.044,0.151,3.804,0.446,0.301,8,2.11,4,75,9.568,11.383,0.609
225,58.09,15.76,25,0,21,1.79,15,145,244,66,3.87,0.056,0.009,14.3,0,0.044,0.151,3.804,0.446,0.301,8,2.11,4,75,9.568,11.383,0.609
226,61.87,17.17,20,0,18,1.94,17,158,270,66,4.18,0.061,0.01,15,0,0.043,0.151,4.227,0.498,0.323,7,2.14,4,71,7.581,8.848,0.521
227,61.87,17.17,20,0,18,1.94,17,158,270,66,4.18,0.061,0.01,15,0,0.043,0.151,4.227,0.498,0.323,7,2.14,4,71,7.581,8.848,0.521
228,65.66,18.59,15,0,15,2.09,18,171,295,66,4.48,0.067,0.01,15.8,0,0.042,0.151,4.649,0.549,0.346,6,2.17,4,68,5.715,6.469,0.433
229,65.66,18.59,15,0,15,2.09,18,171,295,66,4.48,0.067,0.01,15.8,0,0.042,0.151,4.649,0.549,0.346,6,2.17,4,68,5.715,6.469,0.433
230,69.45,20,10,0,12,2.24,20,184,321,66,4.79,0.072,0.01,16.6,0,0.042,0.151,5.072,0.601,0.369,6,2.21,4,65,3.927,4.194,0.345
231,69.45,20,10,0,12,2.24,20,184,321,66,4.79,0.072,0.01,16.6,0,0.042,0.151,5.072,0.601,0.369,6,2.21,4,65,3.927,4.194,0.345
232,71.72,20.85,7,0,10,2.33,21,192,336,66,4.97,0.075,0.01,17.1,0,0.041,0.151,5.325,0.632,0.383,5,2.23,4,63,2.878,2.866,0.292
233,71.72,20.85,7,0,10,2.33,21,192,336,66,4.97,0.075,0.01,17.1,0,0.041,0.151,5.325,0.632,0.383,5,2.23,4,63,2.878,2.866,0.292
234,73.24,21.41,5,0,9,2.38,22,198,346,66,5.09,0.078,0.01,17.4,0,0.041,0.151,5.494,0.652,0.392,5,2.24,4,62,2.182,1.994,0.257
235,73.24,21.41,5,0,9,2.38,22,198,346,66,5.09,0.078,0.01,17.4,0,0.041,0.151,5.494,0.652,0.392,5,2.24,4,62,2.182,1.994,0.257
236,74.75,21.98,3,0,8,2.44,22,203,357,66,5.21,0.08,0.01,17.7,0,0.041,0.151,5.663,0.673,0.401,4,2.26,4,60,1.48,1.134,0.222
237,74.75,21.98,3,0,8,2.44,22,203,357,66,5.21,0.08,0.01,17.7,0,0.041,0.151,5.663,0.673,0.401,4,2.26,4,60,1.48,1.134,0.222
238,71.5,21.67,6.93,0,14,2.48,12,211,284,44,3.2,0.062,0.007,20.1,0,0.053,0.312,4.705,0.361,0.607,3,3.47,5,61,2.479,2.695,0.463
239,71.05,21.5,7.4,0,14,2.52,12,208,279,44,3.21,0.061,0.007,19.2,0,0.05,0.3,4.461,0.35,0.601,3,3.34,3,61,2.687,2.956,0.496
240,72.17,21.91,6.21,0,14,2.46,12,219,294,42,3.32,0.067,0.008,21.2,0,0.056,0.329,5.072,0.376,0.614,4,3.67,4,62,2.166,2.302,0.414
241,72.44,21.94,5.74,0,13,2.5,12,215,289,44,3.26,0.063,0.007,20.4,0,0.053,0.318,4.755,0.354,0.615,4,3.53,2,61,1.956,2.122,0.42
242,72.04,21.78,6.16,0,13,2.55,12,212,284,45,3.27,0.062,0.007,19.5,0,0.053,0.307,4.508,0.351,0.61,3,3.4,2,60,2.123,2.338,0.45
243,73.04,22.16,5.1,0,14,2.48,13,222,298,42,3.37,0.068,0.008,21.5,0,0.057,0.335,5.125,0.371,0.622,4,3.72,2,62,1.706,1.799,0.375
244,73.04,22.16,5.1,0,14,2.48,13,222,298,42,3.37,0.068,0.008,21.5,0,0.057,0.335,5.125,0.371,0.622,4,3.72,2,62,1.706,1.799,0.375
245,71.7,21.72,6.67,0,14,2.49,12,212,285,44,3.22,0.063,0.007,20.2,0,0.053,0.313,4.717,0.362,0.609,3,3.48,3,61,2.363,2.578,0.454
246,71.3,21.57,7.1,0,14,2.53,12,209,280,44,3.22,0.061,0.007,19.3,0,0.05,0.302,4.473,0.359,0.603,3,3.36,3,60,2.548,2.813,0.485
247,72.31,21.95,6.02,0,14,2.47,12,219,295,42,3.33,0.067,0.008,21.3,0,0.057,0.33,5.082,0.377,0.616,4,3.67,4,62,2.087,2.224,0.407
248,72.44,21.94,5.74,0,13,2.5,12,215,289,44,3.26,0.063,0.007,20.4,0,0.053,0.318,4.755,0.354,0.615,4,3.53,2,61,1.956,2.122,0.42
249,72.04,21.78,6.16,0,13,2.55,12,212,284,45,3.27,0.062,0.007,19.5,0,0.05,0.307,4.508,0.342,0.61,3,3.4,0,60,2.123,2.338,0.45
250,73.04,22.16,5.1,0,14,2.48,13,222,298,42,3.37,0.068,0.008,21.5,0,0.057,0.335,5.125,0.371,0.622,4,3.72,2,62,1.706,1.799,0.375
251,68.75,22.43,8.17,0,15,1.83,11,200,273,45,3.57,0.043,0.002,20.8,0,0.055,0.203,6.515,0.373,0.563,4,1.74,4,61,3.478,3.941,0.48
252,67.82,22.19,9.16,0,15,1.91,11,198,271,45,3.62,0.041,0.002,20.2,0,0.052,0.197,6.681,0.361,0.57,4,1.67,4,59,3.79,4.328,0.505
253,70.15,22.79,6.67,0,14,1.73,12,204,279,46,3.52,0.044,0.002,21.4,0,0.059,0.213,6.267,0.391,0.552,4,1.85,4,63,2.91,3.25,0.42
254,70.63,23.07,5.67,0,15,1.84,12,207,284,46,3.72,0.044,0.002,21.5,0,0.056,0.211,6.742,0.372,0.578,4,1.78,2,60,2.345,2.711,0.381
255,69.94,22.93,6.34,0,15,1.93,11,205,283,46,3.79,0.042,0.002,21,0,0.053,0.205,6.947,0.36,0.589,4,1.71,2,58,2.515,2.948,0.393
256,71.68,23.3,4.66,0,14,1.73,12,210,288,47,3.64,0.045,0.002,22,0,0.06,0.22,6.435,0.39,0.563,4,1.88,2,62,1.824,2.055,0.317
257,65.33,21.29,12.68,0,16,1.8,11,188,254,44,3.29,0.04,0.002,19.5,0,0.052,0.189,6.123,0.354,0.535,3,1.69,4,62,5.491,6.204,0.657
258,64.65,21.13,13.36,0,16,1.88,10,187,253,44,3.35,0.038,0.002,19,0,0.049,0.184,6.286,0.344,0.543,3,1.63,4,61,5.685,6.455,0.671
259,66.35,21.54,11.65,0,15,1.71,11,191,258,45,3.24,0.041,0.002,20,0,0.056,0.197,5.879,0.37,0.523,3,1.78,4,64,5.202,5.826,0.636
260,70.63,23.07,5.67,0,15,1.84,12,207,284,46,3.72,0.044,0.002,21.5,0,0.056,0.211,6.742,0.372,0.578,4,1.78,2,60,2.345,2.711,0.381
261,69.94,22.93,6.34,0,15,1.93,11,205,283,46,3.79,0.042,0.002,21,0,0.053,0.205,6.947,0.36,0.589,4,1.71,2,58,2.515,2.948,0.393
262,71.68,23.3,4.66,0,14,1.73,12,210,288,47,3.64,0.045,0.002,22,0,0.06,0.22,6.435,0.39,0.563,4,1.88,2,62,2.09,2.355,0.363
263,63.95,20.59,15.04,0,23,1.47,21,189,313,52,3.45,0.071,0.009,23.5,0,0.074,0.112,5.502,0.583,0.569,11,0.98,0,80,6.067,6.438,0.572
264,67.4,19.9,12.4,0,6,2.41,22,192,326,80,7.12,0.131,0,28.1,0,0.084,0.224,3.588,0,0.399,3,2.64,4,68,4.619,6.5,0.406
265,66.5,19.7,13.4,0,6,2.4,22,191,325,80,7.09,0.13,0,27.7,0,0.083,0.222,3.552,0,0.395,3,2.67,4,68,5.079,7.083,0.433
266,68.6,20.1,10.9,0,7,2.74,24,207,339,78,7.82,0.121,0,28.7,0,0.145,0.267,3.63,0,0.371,3,2.6,4,68,3.93,5.626,0.366
267,72.93,21.38,5.36,0,5,2,25,220,375,55,5.3,0.079,0,27.9,0,0.075,0.182,5.048,0,0.543,3,2.69,2,67,1.875,2.354,0.189
268,72.52,21.34,5.82,0,5,2.08,24,206,367,60,4.82,0.09,0,27.4,0,0.059,0.169,5.438,0,0.61,3,2.73,2,67,2.08,2.536,0.195
269,73.56,21.44,4.68,0,5,1.98,24,213,355,52,5.57,0.067,0,28.6,0,0.068,0.205,5.356,0,0.539,3,2.64,2,67,1.568,2.083,0.18
270,70.23,21.29,8.22,0,4,1.97,22,183,313,54,3.46,0.138,0.013,1.1,0,0.051,0.105,3.01,0.521,0.315,0,1.71,6,57,3.017,2.884,0.318
271,73.11,22.09,4.49,0,4,2.06,22,190,325,55,3.63,0.145,0.013,1,0,0.048,0.109,3.142,0.546,0.331,0,1.8,6,56,1.347,1.68,0.242
272,63.38,18.22,16.31,1.26,5,1.91,18,161,297,43,3.32,0.055,0.009,4.4,0,0.07,0.072,3.015,0.29,0.254,0,1.39,15,60,6.734,5.524,0.422
273,69.43,19.77,8.51,1.38,3,2.09,20,174,319,45,3.66,0.06,0.009,4.7,0,0.071,0.076,3.257,0.313,0.28,0,1.53,17,59,3.689,3.054,0.261
274,72.9,19.88,4.92,1.32,4,1.37,21,189,346,39,2.72,0.047,0.004,1.1,0,0.039,0.069,3.431,0.261,0.323,0,1.12,7,48,1.573,1.549,0.232
275,74.14,20.15,3.35,1.35,3,1.39,22,192,352,40,2.78,0.048,0.004,1.1,0,0.037,0.07,3.494,0.265,0.329,0,1.14,7,47,0.875,1.009,0.198
276,71.32,21.31,6.78,0,15,1.82,20,184,337,54,3.95,0.047,0.006,2.9,0,0.03,0.09,4.306,0.293,0.255,0,1.17,8,57,2.453,2.279,0.191
277,67.25,20.38,11.71,0,6,1.71,20,145,262,64,5.99,0.085,0.085,22.2,0,0.055,0.289,5.241,0.594,0.421,3,2.31,4,65,4.626,5.431,0.548
278,66.55,20.06,12.78,0,6,1.7,20,144,254,65,5.97,0.084,0.084,23.1,0,0.053,0.275,5.076,0.621,0.422,3,2.46,4,65,5.034,6.01,0.596
279,68.31,20.87,10.11,0,6,1.73,21,149,283,65,6.2,0.081,0.081,21.4,0,0.058,0.31,5.49,0.567,0.42,3,2.08,4,65,4.014,4.561,0.475
280,69.5,21.17,8.82,0,6,1.75,21,151,272,66,6.26,0.088,0.088,23,0,0.058,0.299,5.439,0.61,0.438,3,2.38,2,64,3.233,3.943,0.442
281,68.91,20.89,9.76,0,6,1.74,21,150,264,67,6.25,0.087,0.087,24,0,0.055,0.285,5.282,0.64,0.44,3,2.55,2,64,3.546,4.43,0.483
282,70.4,21.61,7.41,0,6,1.76,22,154,292,66,6.44,0.083,0.083,22,0,0.06,0.32,5.675,0.58,0.435,3,2.13,2,63,2.765,3.212,0.38
283,63.17,17.98,17.59,0.35,6,3.42,19,142,242,65,4.72,0.17,0.17,22.6,0,0.104,0.556,4.092,1.127,0.385,3,5.25,4,71,7.138,7.73,0.869
284,62.64,17.69,18.44,0.35,6,3.35,19,140,240,65,4.51,0.171,0.171,22.6,0,0.103,0.562,4.043,1.163,0.374,3,5.48,4,71,7.426,8.126,0.907
285,63.96,18.43,16.31,0.36,6,3.63,20,147,251,63,5.13,0.167,0.167,23.1,0,0.105,0.548,4.166,1.091,0.4,3,4.92,5,70,6.705,7.137,0.813
286,65.6,18.74,14.53,0.19,5,3.6,20,148,253,67,4.95,0.181,0.18,23.7,0,0.11,0.588,4.251,1.185,0.402,3,5.55,2,69,5.618,6.082,0.766
287,65.19,18.47,15.26,0.17,5,3.53,20,147,251,68,4.74,0.182,0.182,23.7,0,0.11,0.597,4.212,1.23,0.392,3,5.82,2,70,5.798,6.363,0.797
288,66.22,19.14,13.44,0.23,6,3.8,21,153,260,65,5.36,0.175,0.175,24,0,0.11,0.575,4.31,1.14,0.417,3,5.16,3,69,5.349,5.659,0.718
289,73.9,22.5,2.62,0,5,0.37,28,213,334,45,0.68,0.037,0.011,22.8,0,0.094,0.177,9.6,1.495,0.811,9,0.21,9,73,0.563,0.689,0.424
290,53.52,25.95,20.97,0,21,1.42,20,154,210,87,2.25,0.076,0.022,22.5,0,0.061,0.195,6.718,1.012,0.27,6,0.27,105,88,5.82,8.29,4.62
291,58.75,28.19,13.16,0,24,1.39,22,165,237,96,2.65,0.081,0.022,17.3,0,0.068,0.217,7.069,1.13,0.34,7,0.3,0,90,3.6,4.83,3.05
292,62.44,29.8,7.78,0,14,1.07,27,214,245,71,1.02,0.05,0.018,24.7,0,0.066,0.119,12.71,0.936,0.56,4,0.32,28,84,2.19,3.03,1.66
293,65.26,31.02,3.57,0,15,1.04,29,228,256,74,1,0.049,0.017,27.6,0,0.07,0.114,13.712,0.965,0.6,4,0.34,6,85,1.01,1.24,0.77
294,69.93,24.24,5.7,0,11,1.14,22,200,256,128,2.56,0.074,0.014,28.1,0,0.098,0.222,5.598,1.1,0.407,4,0.38,6,130,1.505,2.181,1.202
295,58.63,25.97,15.78,0,15,1.36,22,168,220,87,2.49,0.077,0.021,20.2,0,0.066,0.207,6.359,1.111,0.31,7,0.29,60,91,4.37,6.19,3.49
296,63.06,27.37,9.73,0,15,1.33,23,179,240,93,2.8,0.08,0.021,18,0,0.073,0.227,6.548,1.21,0.36,8,0.32,22,93,2.66,3.56,2.26
297,66.39,23.35,10.15,0,11,1.11,22,195,247,123,2.36,0.071,0.015,26.9,0,0.093,0.203,5.403,1.077,0.383,4,0.39,12,130,2.74,4.155,2.083
298,67.3,16.37,15.95,0.17,9,0.69,19,155,203,84,1.47,0.054,0.016,18,0.2,0.073,0.141,4.733,0.994,0.318,4,0.56,28,93,4.366,6.619,3.352
299,76.41,19.16,4.22,0,10,0.78,23,180,238,96,1.76,0.06,0.017,21,0,0.087,0.179,5.578,1.17,0.406,4,0.57,10,91,1.05,1.44,0.962
300,68.6,20.27,11.07,0,11,0.79,23,163,204,65,0.93,0.04,0.018,16.4,0,0.059,0.086,8.908,0.794,0.48,4,0.34,29,67,3.16,4.52,2.34
301,74.86,23.2,1.65,0,12,0.73,27,187,239,68,0.97,0.04,0.018,17.8,0,0.068,0.092,10.604,0.822,0.54,4,0.38,8,58,0.44,0.39,0.37
302,66.47,16.52,16.61,0.25,7,0.68,18,157,204,81,1.29,0.054,0.013,18.9,0,0.073,0.145,4.625,0.19,0.347,3,0.62,23,98,4.524,6.94,3.467
303,69.19,17.52,12.85,0,11,0.46,16,123,187,84,1.21,0.034,0.011,17.6,0,0.054,0.103,5.697,0.64,0.528,7,0.25,9,111,3.535,5.422,2.498
304,74.95,21.97,3.54,0,13,0.88,22,155,194,81,1.63,0.041,0.018,17.8,1.2,0.059,0.101,7.359,0.836,0.53,4,0.38,18,57,0.94,0.85,0.8
305,48.5,11.49,39.34,0,11,2.4,15,139,209,63,1.36,0.236,0.017,12.4,2.8,0.197,0.21,3.934,0.951,0.19,13,0.25,50,76,13.22,18.69,5.08
306,73.77,18.28,5.95,0.94,11,2.4,19,203,271,74,1.9,0.253,0.019,13.9,5.8,0.36,0.45,5.3,1.6,0.34,25,0.4,24,77,2.32,1.54,0.75
307,74.62,22.5,0.8,0,3,4.5,42,236,300,120,3.5,0.211,0.029,32.5,0,0.267,0.451,7.397,2.708,0.634,13,6.67,0,71,0.201,0.319,0.109
308,73.79,22.83,1.64,0,4,4.96,40,236,330,90,3.59,0.211,0.029,32.5,0,0.36,0.458,7.504,2.747,0.643,13,2.24,4,85,0.448,0.516,0.329
309,72.87,22.77,4.03,0,7,4.02,24,222,320,56,3.48,0.199,0.027,30.5,0,0.27,0.457,7.485,2.74,0.642,13,6.75,0,69,1.022,1.607,0.557
310,74.73,22.22,1.49,0,4,5.23,26,229,318,102,4.33,0.205,0.028,31.4,0,0.42,0.446,7.304,2.674,0.626,12,2.26,5,67,0.386,0.532,0.256
311,74.08,22.38,2.03,0,3,3.19,27,188,353,51,1.28,0.18,0.02,9.7,0,0.32,0.58,0,0,0,0,0,0,95,0.74,0.48,0.44
312,70.97,24.05,4.8,0,15,6.9,25,237,348,51,0,0,0,26.6,2,0.06,0.22,1.9,0,0,0,0,0,0,0,0,0
313,70.89,23.3,4.8,0,18,2.32,0,224,436,78,4.86,0,0,9.8,7,0.04,0.09,4.64,0.55,0,15,2.42,0,44,2.04,2.04,0.15
314,73.95,23.32,2.43,0,5,2.66,27,237,390,47,2.92,0.131,0.047,35.3,0,0.217,0.337,6.183,0.799,0.562,14,1.55,0,65,1.039,0.95,0.114
315,72.54,21.51,3.33,0,12,0,0,120,0,0,0,0,0,9.8,0,0.39,0.11,4,0,0,0,0,0,0,0.99,1.3,0.48
316,76.3,20.39,1.37,0,12,1.61,32,197,297,53,1.93,0.151,0,9,0,0.04,0.2,5.97,0.16,0.53,8,1.66,0,46,0.46,0.42,0.27
317,71.45,22.63,3.36,0,17,4.69,26,208,295,57,4,0.222,0.078,10.2,0,0.32,0.72,5.5,2.55,0.37,4,6.31,0,83,1.29,1.01,0.47
318,73.57,22.96,2.42,0,5,3.4,23,202,318,51,2.09,0.253,0.041,9.7,0,0.22,0.48,6.37,0,0.37,4,6.31,0,85,0.95,0.67,0.47
319,71.15,21.78,7.13,0,11,2.92,21,201,330,75,4.2,0.14,0.014,10,0,0.547,0.287,5.7,0.69,0.464,4,1.87,0,80,3.361,1.344,0.394
320,74.38,22.95,1.45,0,4,2.76,23,161,312,58,2.4,0.12,0.012,9.8,0,0,0,0,0,0,0,0,0,55,0.53,0.36,0.3
321,68.84,21.76,8.82,0,12,2.75,22,195,322,79,5.4,0.15,0.023,8,0,0.125,0.26,4.89,0.96,0.336,7,2.13,0,66,3.469,2.507,0.415
322,75.84,20.6,2.31,0,13,2.83,0,180,385,82,4,0.256,0.038,8.8,0,0.11,0.49,3.75,0,0,5,1.13,0,57,0.71,1.03,0.17
323,72.63,21.39,4.6,0,6,3.82,24,221,360,53,2.9,0.144,0.019,10.1,1,0.13,0.1,4.6,0,0.38,0,3,0,52,1.44,1.61,0.65
324,75.55,22.24,0.74,0,5,3.21,23,158,317,65,2.8,0.067,0.008,9.6,4,0.06,0.27,5,0,0,0,0,0,59,0.22,0.15,0.24
325,69.35,20.76,8.1,0,25,0,22,220,276,82,0,0,0,9.1,5,0.09,0.52,6.2,0,0,0,0,0,0,0,0,0
326,72.82,20.05,5.55,0,13,1.57,19,213,330,41,1.57,0.145,0.026,23.7,0,0.1,0.15,7.27,0.8,0.5,8,7.16,0,57,1.66,1.5,1.08
327,73.83,21.23,3.21,0,2,4.7,24,172,304,103,0,0,0,9.3,0,0.07,0.21,4,0,0,0,0,0,83,0.38,1.18,0.94
328,49.66,15.86,33.62,0,12,2.5,18,234,308,73,1.72,0.27,0.02,14.4,4.2,0.085,0.245,3.608,1.294,0.39,4,0.34,17,80,9.78,17.77,3.76
329,68.3,22.75,7.13,0,13,2.57,24,312,420,87,2.34,0.306,0.024,16.8,7.2,0.129,0.377,4.278,1.973,0.64,31,0.49,12,84,2.79,1.85,0.9
330,67.93,20.97,11.43,0,3,1.76,21,161,218,80,2.83,0.099,0.008,9.8,0,0.145,0.364,6.363,0.797,0.397,0,1.48,2,63,5.361,4.777,0.772
331,72.94,22.28,5.24,0,2,1.88,24,174,231,83,3.1,0.109,0.009,10.6,0,0.16,0.4,6.88,0.87,0.426,0,1.73,3,61,2.277,2.346,0.43
332,68.46,19.17,12.56,0,10,1.81,23,199,318,61,3.32,0.144,0.015,7.4,0,0.145,0.298,5.167,0.502,0.375,0,2.81,0,65,5.813,5.146,0.591
333,73.45,20.65,6.08,0,9,1.94,25,214,342,64,3.58,0.156,0.016,8,0,0.155,0.32,5.56,0.53,0.406,0,3.01,0,64,2.413,2.519,0.331
334,67.64,18.59,13.48,0,9,1.48,20,176,301,75,4.04,0.181,0.01,7.8,0,0.142,0.292,5.06,0.495,0.367,0,2.75,0,66,6.389,5.549,0.57
335,74.08,20.45,5.1,0,7,1.61,22,191,329,81,4.5,0.202,0.012,8.7,0,0.155,0.32,5.56,0.53,0.406,0,3.01,0,64,2.008,2.157,0.246
336,66.86,18.33,14.38,0,11,1.75,22,192,308,59,3.21,0.139,0.014,7.1,0,0.14,0.288,4.996,0.49,0.362,0,2.72,0,66,6.898,5.878,0.649
337,74.13,20.43,4.91,0,9,1.94,25,214,342,64,3.58,0.156,0.016,8,0,0.155,0.32,5.56,0.53,0.406,0,3.01,0,64,1.948,2.034,0.267
338,62.63,17.25,20,0,12,1.5,20,167,279,70,2.95,0.148,0.013,8,0,0.133,0.272,4.695,0.469,0.339,0,2.57,0,66,9.754,8.101,0.823
339,73.68,20.48,5.64,0,10,1.75,23,195,328,80,3.5,0.179,0.017,9.8,0,0.155,0.32,5.56,0.53,0.406,0,3.01,0,63,2.308,2.293,0.267
340,68.68,21.95,9.73,0,3,2.09,21,156,225,75,2.72,0.118,0.005,6.9,0,0.132,0.37,6.251,0.704,0.426,0,1.56,2,76,4.464,3.934,0.692
341,73.02,23.11,4.33,0,3,2.25,23,167,238,77,2.94,0.129,0.005,7.1,0,0.142,0.4,6.65,0.75,0.452,0,1.8,3,76,1.774,1.815,0.394
342,66.33,18.24,15.19,0,10,1.48,20,173,295,73,3.75,0.173,0.011,4.2,0,0.14,0.287,4.964,0.488,0.359,0,2.7,0,66,7.288,6.226,0.657
343,73.98,20.46,5.23,0,8,1.64,23,192,329,81,4.25,0.196,0.013,4.6,0,0.155,0.32,5.56,0.53,0.406,0,3.01,0,64,2.081,2.19,0.251
344,66.8,19.32,13.38,0,15,1.66,22,185,302,70,2.5,0.13,0.013,8.2,0,0.169,0.29,6.652,0.615,0.445,0,1.76,0,66,6.401,5.374,0.54
345,72.17,21,6.24,0,15,1.79,24,199,327,75,2.69,0.141,0.014,9,0,0.183,0.313,7.283,0.66,0.488,0,1.85,0,64,2.673,2.463,0.261
346,71.83,23.23,5.52,0,2,2.25,26,208,308,73,2.3,0.126,0.006,8,0,0.145,0.376,8.394,0.87,0.55,0,2.1,1,76,2.255,2.087,0.46
347,72.45,23.42,4.73,0,2,2.27,26,210,311,73,2.32,0.128,0.006,8.1,0,0.147,0.38,8.49,0.88,0.556,0,2.14,2,76,1.857,1.767,0.417
348,59.47,16.56,23.41,0,16,1.55,21,157,222,59,3.41,0.101,0.019,18.8,0,0.11,0.21,5.96,0.65,0.13,18,2.31,0,73,10.19,9.6,1.85
349,67.17,18.58,13.49,0,8,1.71,24,178,261,57,3.5,0.115,0.021,21.4,0,0.13,0.23,6.22,0.68,0.15,20,2.51,0,67,5.8,5.53,1.08
350,68.73,18.99,11.5,0,7,1.73,25,182,267,58,3.58,0.117,0.022,21.9,0,0.13,0.24,6.21,0.69,0.16,21,2.54,0,67,4.88,4.7,0.93
351,74.44,20.52,4.19,0,6,1.82,27,195,290,61,3.89,0.124,0.024,23.4,0,0.14,0.25,6.19,0.7,0.17,23,2.64,0,64,1.5,1.69,0.38
352,60.3,16.94,22.11,0,10,1.61,22,159,231,56,3.08,0.112,0.019,19.6,0,0.12,0.23,6.34,0.7,0.14,18,2.48,0,72,9.73,9.08,1.73
353,61.32,17.21,20.8,0,10,1.63,23,161,235,56,3.13,0.114,0.019,19.9,0,0.13,0.23,6.34,0.7,0.14,19,2.5,0,71,9.12,8.54,1.64
354,73.57,20.55,5.08,0,7,1.83,27,189,284,64,3.77,0.132,0.024,23.4,0,0.14,0.25,6.33,0.74,0.17,24,2.76,0,66,1.82,2.04,0.46
355,64.32,17.91,17.07,0,9,1.66,23,170,249,56,3.32,0.113,0.02,20.7,0,0.13,0.23,6.26,0.69,0.15,19,2.5,0,69,7.43,7,1.35
356,66.38,18.47,14.42,0,8,1.7,24,175,258,57,3.43,0.116,0.021,21.3,0,0.13,0.24,6.25,0.7,0.15,20,2.54,0,68,6.21,5.91,1.15
357,74.11,20.56,4.51,0,6,1.82,27,193,289,62,3.84,0.126,0.024,23.5,0,0.14,0.25,6.23,0.72,0.17,23,2.7,0,64,1.61,1.81,0.41
358,56.55,16.32,26.63,0,15,1.61,21,152,214,56,2.53,0.105,0.018,18.9,0,0.11,0.21,6.47,0.63,0.13,17,2.04,0,74,11.76,10.94,2.08
359,56.55,16.32,26.63,0,15,1.61,21,152,214,56,2.53,0.105,0.018,18.9,0,0.11,0.21,6.47,0.63,0.13,17,2.04,0,74,11.76,10.94,2.08
360,59.55,17.18,22.75,0,14,1.66,22,159,226,59,2.65,0.11,0.019,19.4,0,0.12,0.21,6.48,0.64,0.14,18,2.07,0,72,9.95,9.34,1.79
361,59.55,17.18,22.75,0,14,1.66,22,159,226,59,2.65,0.11,0.019,19.4,0,0.12,0.21,6.48,0.64,0.14,18,2.07,0,72,9.95,9.34,1.79
362,72.55,20.88,5.94,0,12,1.91,27,190,276,68,3.19,0.128,0.024,23.6,0,0.13,0.23,6.51,0.66,0.17,24,2.21,0,66,2.13,2.39,0.54
363,72.55,20.88,5.94,0,12,1.91,27,190,276,68,3.19,0.128,0.024,23.6,0,0.13,0.23,6.51,0.66,0.17,24,2.21,0,66,2.13,2.39,0.54
364,74.58,21.68,3.83,0,4,1.52,24,201,346,62,2.89,0.14,0.013,4.4,0,0.154,0.128,5.256,0.807,0.15,0,2.06,5,65,1.265,1.005,0.311
365,67.05,18.76,13.37,0,7,1.6,18,189,160,41,2.72,0.095,0.021,3,0,0.14,0.38,6.86,0.51,0.13,1,2.47,0,75,6.67,5.13,0.59
366,60.04,16.56,22.9,0.2,6,1.29,19,156,290,63,2.04,0.091,0.007,3.5,0,0.111,0.11,4.676,0.37,0.14,0,0.95,15,69,9.639,6.522,0.858
367,73.5,20.86,5.32,0,7,1.54,24,193,356,75,2.54,0.116,0.009,4.2,0,0.118,0.136,5.918,0.445,0.175,0,1.13,4,66,1.96,1.549,0.351
368,74.37,21.44,3.99,0,4,1.55,26,217,368,60,2.09,0.127,0.01,2.9,0,0.072,0.162,6.338,0.543,0.175,0,1.12,2,66,1.289,0.987,0.279
369,74.54,21.5,3.77,0,4,1.55,26,217,368,60,2.1,0.127,0.01,2.9,0,0.072,0.162,6.356,0.545,0.176,0,1.12,2,66,1.187,0.923,0.272
370,62.47,16.9,20.36,0.2,5,1.05,18,150,280,58,3.16,0.077,0.007,3,0,0.128,0.12,4.352,0.49,0.098,0,1.98,13,61,8.211,5.48,0.764
371,72.9,20.2,6.88,0,5,1.16,21,175,325,65,3.8,0.092,0.009,3.3,0,0.138,0.142,5.204,0.578,0.113,0,2.38,5,58,2.125,1.605,0.352
372,69.53,19.88,9.96,0.05,8,1.36,22,186,324,62,2.17,0.101,0.008,2.8,0,0.062,0.172,5.024,0.584,0.237,0,1.03,7,62,4.305,3.012,0.46
373,71.67,20.61,7.12,0,8,1.4,23,192,334,63,2.24,0.105,0.008,2.9,0,0.061,0.178,5.208,0.604,0.246,0,1.05,5,62,3.044,2.223,0.371
374,62.78,18.12,18.52,0.13,10,1.3,20,165,277,61,2.34,0.098,0.008,3.3,0,0.084,0.167,5.032,0.408,0.159,0,1.12,11,66,7.229,4.904,0.719
375,70.24,20.65,8.61,0,12,1.43,22,185,309,67,2.66,0.112,0.009,3.6,0,0.083,0.191,5.749,0.454,0.181,0,1.25,5,64,2.782,2.036,0.426
376,61.07,16.16,22.89,0.24,10,1.01,17,147,261,64,2.91,0.076,0.007,4.5,0,0.098,0.134,2.916,0.25,0.118,0,1.86,14,60,9.855,6.637,0.968
377,72.51,19.72,8.3,0,12,1.12,20,175,307,73,3.57,0.092,0.008,5.3,0,0.099,0.164,3.463,0.279,0.14,0,2.3,4,56,3.371,2.584,0.553
378,74.43,20.93,4.09,0,4,1.4,24,197,344,60,3.26,0.123,0.011,3.6,0,0.14,0.201,5.234,0.677,0.225,0,1.89,3,64,1.37,1.272,0.333
379,74.43,20.93,4.09,0,4,1.4,24,197,344,60,3.26,0.123,0.011,3.6,0,0.14,0.201,5.234,0.677,0.225,0,1.89,3,64,1.37,1.272,0.333
380,50.8,14.52,34.39,0,15,1.39,18,137,190,56,2.71,0.089,0.016,16.8,0,0.1,0.19,6.09,0.62,0.11,14,2.09,0,76,15.16,14.13,2.69
381,50.8,14.52,34.39,0,15,1.39,18,137,190,56,2.71,0.089,0.016,16.8,0,0.1,0.19,6.09,0.62,0.11,14,2.09,0,76,15.16,14.13,2.69
382,53.68,15.32,30.71,0,14,1.43,19,143,201,58,2.87,0.092,0.017,17.7,0,0.1,0.19,6.06,0.62,0.12,15,2.14,0,74,13.43,12.6,2.42
383,53.68,15.32,30.71,0,14,1.43,19,143,201,58,2.87,0.092,0.017,17.7,0,0.1,0.19,6.06,0.62,0.12,15,2.14,0,74,13.43,12.6,2.42
384,70.44,19.98,9.23,0,12,1.67,25,181,265,72,3.8,0.111,0.024,22.3,0,0.12,0.2,5.89,0.65,0.16,21,2.38,0,66,3.3,3.71,0.84
385,70.44,19.98,9.23,0,12,1.67,25,181,265,72,3.8,0.111,0.024,22.3,0,0.12,0.2,5.89,0.65,0.16,21,2.38,0,66,3.3,3.71,0.84
386,61.76,16.79,20.9,0,14,1.56,21,159,238,60,3.43,0.102,0.019,19.3,0,0.11,0.22,6.09,0.69,0.13,19,2.44,0,71,9.15,8.58,1.65
387,61.76,16.79,20.9,0,14,1.56,21,159,238,60,3.43,0.102,0.019,19.3,0,0.11,0.22,6.09,0.69,0.13,19,2.44,0,71,9.15,8.58,1.65
388,63.3,17.19,18.94,0,14,1.58,22,162,244,61,3.52,0.104,0.02,19.8,0,0.11,0.22,6.08,0.69,0.13,19,2.47,0,70,8.24,7.77,1.5
389,63.3,17.19,18.94,0,14,1.58,22,162,244,61,3.52,0.104,0.02,19.8,0,0.11,0.22,6.08,0.69,0.13,19,2.47,0,70,8.24,7.77,1.5
390,74.14,19.99,5.2,0,12,1.74,25,186,287,69,4.15,0.116,0.024,22.7,0,0.12,0.23,6,0.72,0.15,24,2.67,0,64,1.86,2.09,0.48
391,74.14,19.99,5.2,0,12,1.74,25,186,287,69,4.15,0.116,0.024,22.7,0,0.12,0.23,6,0.72,0.15,24,2.67,0,64,1.86,2.09,0.48
392,61.9,16.63,20.86,0,17,1.48,21,160,229,62,4.28,0.096,0.02,19.2,0,0.11,0.2,5.43,0.67,0.14,19,2.59,0,72,8.93,8.54,1.68
393,61.9,16.63,20.86,0,17,1.48,21,160,229,62,4.28,0.096,0.02,19.2,0,0.11,0.2,5.43,0.67,0.14,19,2.59,0,72,8.93,8.54,1.68
394,63.39,17.01,18.97,0,17,1.5,21,163,234,63,4.4,0.098,0.02,19.6,0,0.11,0.21,5.4,0.68,0.14,20,2.62,0,71,8.04,7.76,1.54
395,63.39,17.01,18.97,0,17,1.5,21,163,234,63,4.4,0.098,0.02,19.6,0,0.11,0.21,5.4,0.68,0.14,20,2.62,0,71,8.04,7.76,1.54
396,72.36,19.29,7.63,0,16,1.62,24,183,268,70,5.11,0.107,0.024,22,0,0.12,0.22,5.19,0.7,0.16,23,2.83,0,67,2.73,3.07,0.7
397,72.36,19.29,7.63,0,16,1.62,24,183,268,70,5.11,0.107,0.024,22,0,0.12,0.22,5.19,0.7,0.16,23,2.83,0,67,2.73,3.07,0.7
398,61.39,16.58,21.45,0,16,1.5,21,158,230,61,3.94,0.097,0.019,19.2,0,0.11,0.21,5.66,0.68,0.13,19,2.53,0,72,9.28,8.79,1.71
399,61.39,16.58,21.45,0,16,1.5,21,158,230,61,3.94,0.097,0.019,19.2,0,0.11,0.21,5.66,0.68,0.13,19,2.53,0,72,9.28,8.79,1.71
400,63.36,17.07,18.96,0,16,1.53,21,163,237,63,4.12,0.1,0.02,19.7,0,0.11,0.21,5.62,0.68,0.14,19,2.57,0,71,8.1,7.76,1.52
401,63.36,17.07,18.96,0,16,1.53,21,163,237,63,4.12,0.1,0.02,19.7,0,0.11,0.21,5.62,0.68,0.14,19,2.57,0,71,8.1,7.76,1.52
402,72.99,19.55,6.76,0,15,1.66,24,184,274,70,4.77,0.109,0.024,22.2,0,0.12,0.22,5.45,0.71,0.16,23,2.78,0,66,2.42,2.72,0.62
403,72.99,19.55,6.76,0,15,1.66,24,184,274,70,4.77,0.109,0.024,22.2,0,0.12,0.22,5.45,0.71,0.16,23,2.78,0,66,2.42,2.72,0.62
404,43.95,4.2,1.11,49.07,18,1.41,84,96,447,3,0.87,0.363,1.601,0,36,0.16,0.18,0.8,0.555,0.41,68,0,10,0,0.164,0.581,0.288
405,61.41,2.25,0.53,34.91,31,1.45,49,72,329,14,1.1,0.562,1.591,0,26.3,0.344,0.163,1.5,0.206,0.283,47,0,2,0,0.078,0.278,0.138
406,6.5,25.8,49.24,16.13,92,4.58,168,376,705,18,3.27,1.144,1.934,7.2,0,0.64,0.135,12.066,1.767,0.348,240,0,0,0,6.279,24.426,15.558
407,45,5.97,0.99,46.28,98,2.09,68,67,1183,31,1.13,1.444,0.178,0,27.4,0.055,0.055,0.88,1.103,0.403,66,0,12,0,0.267,0.126,0.527
408,66.16,18.58,13.06,0,12,1.37,31,197,198,103,2.51,0.088,0.008,13.1,0,0.113,0.28,5.52,0.67,0.446,3,2.28,0,49,5.108,6.159,0.732
409,74.8,20.98,3.08,0,5,0.79,26,220,367,63,2.3,0.108,0.029,9,0,0.08,0.27,9.42,1.07,0.46,14,1.04,0,78,1.18,1.12,0.24
410,75.82,21.28,1.76,0,5,0.8,27,223,372,64,2.34,0.11,0.029,9.1,0,0.08,0.28,9.56,1.09,0.47,14,1.05,0,78,0.53,0.56,0.18
411,75.2,22.07,2.07,0,4,0.81,30,212,273,86,1.97,0.089,0.017,16,0,0.1,0.34,9.28,0.58,0.599,4,2.08,0,56,0.805,0.986,0.107
412,69.44,20.07,10.07,0.07,14,0.84,43,222,241,98,2.01,0.082,0.013,16.2,0,0.078,0.28,6.617,0.629,0.604,3,2.46,0,59,3.607,4.808,0.404
413,74.79,21.85,2.9,0,11,0.85,47,237,260,99,2.15,0.088,0.014,18,0,0.086,0.31,7.25,0.69,0.683,3,2.65,0,55,1.121,1.353,0.193
414,71.15,18.86,9.01,0,13,0.86,22,184,290,89,3.24,0.102,0.027,8.2,0,0.07,0.23,6.68,1.13,0.42,12,1.29,0,82,3.71,3.43,0.63
415,75.18,19.97,3.89,0,14,0.88,23,194,306,95,3.47,0.108,0.029,8.5,0,0.07,0.24,7.05,1.19,0.44,13,1.36,0,83,1.17,1.25,0.4
416,74.05,19.34,5.44,0,21,1,25,208,327,83,3.2,0.12,0.028,8.4,0,0.08,0.27,7.63,1.26,0.44,15,1.37,0,82,2.26,2.08,0.38
417,76.64,20.04,2.16,0,22,1.02,26,215,339,86,3.34,0.124,0.029,8.6,0,0.08,0.28,7.91,1.3,0.46,16,1.42,0,83,0.65,0.69,0.22
418,72.6,18.72,7.61,0.03,23,1.22,32,202,198,91,3.18,0.08,0.012,14.9,0,0.101,0.397,4.491,0.971,0.437,3,2.73,0,62,2.701,3.642,0.313
419,76.29,19.6,2.88,0,23,1.26,33,209,203,92,3.38,0.083,0.012,15.8,0,0.109,0.43,4.61,1.05,0.466,3,2.88,0,60,1.113,1.361,0.171
420,72.6,18.72,7.61,0.03,23,1.22,32,202,198,91,3.18,0.08,0.012,14.9,0,0.101,0.397,4.491,0.971,0.437,3,2.73,0,62,2.701,3.642,0.313
421,76.29,19.6,2.88,0,23,1.26,33,209,203,92,3.38,0.083,0.012,15.8,0,0.109,0.43,4.61,1.05,0.466,3,2.88,0,60,1.113,1.361,0.171
422,74.78,19.27,5.28,0,22,0.91,23,203,302,91,3.93,0.119,0.028,8.1,0,0.09,0.29,6.19,1.42,0.39,12,1.67,0,87,2.05,1.94,0.41
423,76.58,19.79,3,0,22,0.9,24,208,311,92,4.06,0.121,0.029,8.3,0,0.09,0.29,6.15,1.45,0.4,11,1.68,0,86,0.9,0.96,0.31
424,71.85,19.07,7.81,0,11,0.78,24,209,329,76,2.55,0.11,0.027,8.5,0,0.08,0.3,8.44,1.36,0.49,13,1.27,0,78,3.35,3.04,0.51
425,75.94,20.2,2.59,0,11,0.8,26,220,348,80,2.73,0.116,0.029,8.7,0,0.08,0.31,8.97,1.45,0.52,14,1.34,0,79,0.78,0.83,0.27
